purchase_number;articles_found;orders_found;status;file_name;file_path;article_snippets;order_snippets;source_file
0369300199325000012;;567;orders;Закупка № 0369300199325000012.xls;C:\Users\Sergey\MAGA\Kimch\НМЦК_сборка\44-фз\Закупка № 0369300199325000012.xls;;"567: инэкономразвития России от 02.10.2013 N 567 ""Об утверждении Методических рекомендац";found_any.csv
0130300016825000003;;639;orders;Закупка № 0130300016825000003 Обоснование НМЦК.docx;C:\Users\Sergey\MAGA\Kimch\НМЦК_сборка\44-фз\Закупка № 0130300016825000003 Обоснование НМЦК.docx;;639: зом Минпромторга России от 28.02.2023 № 639 «Об утверждении Порядка определения нач;found_any_doc.csv
0330300051225000044;;;;Закупка № 0330300051225000044 Приложение 1 НМЦК.pdf;C:\Users\Sergey\MAGA\Kimch\НМЦК_сборка\44-фз\Закупка № 0330300051225000044 Приложение 1 НМЦК.pdf;;;not_found_any_pdf.csv
0860200000825002601;;;;Закупка № 0860200000825002601 ПРИЛОЖЕНИЕ № 2 Обоснование начальной (максимальной) цены контракта.docx;C:\Users\Sergey\MAGA\Kimch\НМЦК_сборка\44-фз\Закупка № 0860200000825002601 ПРИЛОЖЕНИЕ № 2 Обоснование начальной (максимальной) цены контракта.docx;;;not_found_any_doc.csv
0373100089325000006;22;567;orders+article;Закупка № 0373100089325000006 Приложение № 2. Обоснование расчета НМЦК Земснаряд.xlsx;C:\Users\Sergey\MAGA\Kimch\НМЦК_сборка\44-фз\Закупка № 0373100089325000006 Приложение № 2. Обоснование расчета НМЦК Земснаряд.xlsx;22: В соответствии со статьей 22 Федерального закона от 05.04.2013 года ;567: ва экономического развития РФ (Приказ № 567 от 02.10.2013). Обоснование и расчет на;found_any.csv
0373100089325000018;22;567;orders+article;Закупка № 0373100089325000018 Приложение № 2. Обоснование расчета НМЦК Земснаряд.xlsx;C:\Users\Sergey\MAGA\Kimch\НМЦК_сборка\44-фз\Закупка № 0373100089325000018 Приложение № 2. Обоснование расчета НМЦК Земснаряд.xlsx;22: В соответствии со статьей 22 Федерального закона от 05.04.2013 года ;567: ва экономического развития РФ (Приказ № 567 от 02.10.2013). Обоснование и расчет на;found_any.csv
0145200000425000608;22|34;567|639;orders+article;Закупка № 0145200000425000608 Приложение 2 Обоснование НМЦК.docx;C:\Users\Sergey\MAGA\Kimch\НМЦК_сборка\44-фз\Закупка № 0145200000425000608 Приложение 2 Обоснование НМЦК.docx;22: боснована в соответствии с требованиями статьи 22 Федерального закона от 05.04.2013 г. №  || 34: ости закупок, а также в соответствии со ст. 34 Бюджетного кодекса РФ и с учетом выделе;"567: ия Российской Федерации от 02.10.2013 № 567 ""Об утверждении методических рекомендац || 639: и и торговли РФ от 28 февраля 2023 г. N 639 посредством применения метода сопостави";found_any_doc.csv
0173100005025000009;;639;orders;Закупка № 0173100005025000009 2. Приложение № 2 к Извещению_Катера_Обоснование НМЦК.doc;C:\Users\Sergey\MAGA\Kimch\НМЦК_сборка\44-фз\Закупка № 0173100005025000009 2. Приложение № 2 к Извещению_Катера_Обоснование НМЦК.doc;;639: зом Минпромторга России от 28.02.2023 № 639 «Об утверждении Порядка определения нач;found_any_doc.csv
0173100005025000013;;639;orders;Закупка № 0173100005025000013 2. Приложение № 2 к Извещению_Катера_Обоснование НМЦК.doc;C:\Users\Sergey\MAGA\Kimch\НМЦК_сборка\44-фз\Закупка № 0173100005025000013 2. Приложение № 2 к Извещению_Катера_Обоснование НМЦК.doc;;639: зом Минпромторга России от 28.02.2023 № 639 «Об утверждении Порядка определения нач;found_any_doc.csv
0888500000225000136;22;;article;Закупка № 0888500000225000136 1. Обоснование НМЦК.doc;C:\Users\Sergey\MAGA\Kimch\НМЦК_сборка\44-фз\Закупка № 0888500000225000136 1. Обоснование НМЦК.doc;22: ны установленные в соответствии с ч. 25 ст. 22 Закона № 44-ФЗ в пп. «в» п. 7 постановл;;found_any_doc.csv
0356500001425004169;;;;Закупка № 0356500001425004169 Обоснование НМЦК.pdf;C:\Users\Sergey\MAGA\Kimch\НМЦК_сборка\44-фз\Закупка № 0356500001425004169 Обоснование НМЦК.pdf;;;not_found_any_pdf.csv
0145200000425000439;22|34;567|639;orders+article;Закупка № 0145200000425000439 Приложение 2 Обоснование НМЦК.docx;C:\Users\Sergey\MAGA\Kimch\НМЦК_сборка\44-фз\Закупка № 0145200000425000439 Приложение 2 Обоснование НМЦК.docx;22: боснована в соответствии с требованиями статьи 22 Федерального закона от 05.04.2013 г. №  || 34: ости закупок, а также в соответствии со ст. 34 Бюджетного кодекса РФ и с учетом выделе;"567: ия Российской Федерации от 02.10.2013 № 567 ""Об утверждении методических рекомендац || 639: и и торговли РФ от 28 февраля 2023 г. N 639 посредством применения метода сопостави";found_any_doc.csv
0145200000425000756;22|34;567|639;orders+article;Закупка № 0145200000425000756 Приложение 2 Обоснование НМЦК.docx;C:\Users\Sergey\MAGA\Kimch\НМЦК_сборка\44-фз\Закупка № 0145200000425000756 Приложение 2 Обоснование НМЦК.docx;22: боснована в соответствии с требованиями статьи 22 Федерального закона от 05.04.2013 г. №  || 34: ости закупок, а также в соответствии со ст. 34 Бюджетного кодекса РФ и с учетом выделе;"567: ия Российской Федерации от 02.10.2013 № 567 ""Об утверждении методических рекомендац || 639: и и торговли РФ от 28 февраля 2023 г. N 639 посредством применения метода сопостави";found_any_doc.csv
0372200084225000024;22;567;orders+article;Закупка № 0372200084225000024 Приложение_№_2_к_извещению_Обоснование_НМЦК.docx;C:\Users\Sergey\MAGA\Kimch\НМЦК_сборка\44-фз\Закупка № 0372200084225000024 Приложение_№_2_к_извещению_Обоснование_НМЦК.docx;22: за рынка) в соответствии с требованиями статьи 22 Федерального закона от 05.04.2013  № 44;567: ия Российской Федерации от 02.10.2013 № 567 «Об утверждении методических рекомендац | В соответствии с п.3.7 Приказа №567 в целях получения ценовой информации в ;found_any_doc.csv
0348200077025000010;;567;orders;Закупка № 0348200077025000010 Обоснование НМЦК.pdf;C:\Users\Sergey\MAGA\Kimch\НМЦК_сборка\44-фз\Закупка № 0348200077025000010 Обоснование НМЦК.pdf;;567: ия Российской Федерации от 02.10.2013 № 567 «Об  утверждении методических рекоменда;found_any_pdf.csv
0372200236125000037;22;567;orders+article;Закупка № 0372200236125000037 Приложение_№_2_-_Обоснование_НМЦК[1].docx;C:\Users\Sergey\MAGA\Kimch\НМЦК_сборка\44-фз\Закупка № 0372200236125000037 Приложение_№_2_-_Обоснование_НМЦК[1].docx;22: ее – НМЦК) произведен в соответствии со статьей 22 Федерального закона от 05.04.2013 года ;567: ской Федерации от 02 октября 2013 года №567 «Об утверждении методических рекомендац | инэкономразвития России от 02.10.2013 № 567 «Об утверждении Методических рекомендац;found_any_doc.csv
0306100001225000004;22;;article;Закупка № 0306100001225000004 Обоснование НМЦК.doc;C:\Users\Sergey\MAGA\Kimch\НМЦК_сборка\44-фз\Закупка № 0306100001225000004 Обоснование НМЦК.doc;22: х цен (анализа рынка) в соответствии со ст. 22 Закона, с учётом всех расходов и обязат;;found_any_doc.csv
0815500000525003398;22;567;orders+article;Закупка № 0815500000525003398 Приложение 2. НМЦК .xls;C:\Users\Sergey\MAGA\Kimch\НМЦК_сборка\44-фз\Закупка № 0815500000525003398 Приложение 2. НМЦК .xls;22: бран (для расчета) в соответствии с п.6 ст.22 Федерального закона от 5 апреля 2013 го;"567: инэкономразвития России от 02.10.2013 N 567 ""Об утверждении Методических рекомендац | зом Минэкономразвития РФ от 02.10.2013 №567 расчет произведен с помощью стандартных";found_any.csv
0815500000525008196;22;567;orders+article;Закупка № 0815500000525008196 Приложение 2 Обоснование НМЦК.xls;C:\Users\Sergey\MAGA\Kimch\НМЦК_сборка\44-фз\Закупка № 0815500000525008196 Приложение 2 Обоснование НМЦК.xls;22: бран (для расчета) в соответствии с п.6 ст.22 Федерального закона от 5 апреля 2013 го;"567: инэкономразвития России от 02.10.2013 N 567 ""Об утверждении Методических рекомендац | зом Минэкономразвития РФ от 02.10.2013 №567 расчет произведен с помощью стандартных";found_any.csv
0184200000625000685;;;;Закупка № 0184200000625000685 Обонование НМЦК-1_.docx;C:\Users\Sergey\MAGA\Kimch\НМЦК_сборка\44-фз\Закупка № 0184200000625000685 Обонование НМЦК-1_.docx;;;not_found_any_doc.csv
0372200084225000023;22;567;orders+article;Закупка № 0372200084225000023 Приложение_№_2_к_извещению_Обоснование_НМЦК[1].docx;C:\Users\Sergey\MAGA\Kimch\НМЦК_сборка\44-фз\Закупка № 0372200084225000023 Приложение_№_2_к_извещению_Обоснование_НМЦК[1].docx;22: за рынка) в соответствии с требованиями статьи 22 Федерального закона от 05.04.2013  № 44;567: ия Российской Федерации от 02.10.2013 № 567 «Об утверждении методических рекомендац | В соответствии с п.3.7 Приказа №567 в целях получения ценовой информации в ;found_any_doc.csv
0848300058125000126;;567;orders;Закупка № 0848300058125000126 Обоснование НМЦК.pdf;C:\Users\Sergey\MAGA\Kimch\НМЦК_сборка\44-фз\Закупка № 0848300058125000126 Обоснование НМЦК.pdf;;567: ия Российской Федерации от 02.10.2013 № 567 «Об  утверждении методических рекоменда;found_any_pdf.csv
0307300005225000356;22;;article;Закупка № 0307300005225000356 Обоснование НМЦК.docx;C:\Users\Sergey\MAGA\Kimch\НМЦК_сборка\44-фз\Закупка № 0307300005225000356 Обоснование НМЦК.docx;22:         В соответствии с ч.1 статьи 22 Федерального закона от 05.04.2013 № 44-;;found_any_doc.csv
0332100025625000013;;;;Закупка № 0332100025625000013 Приложение 2 - Расчет НМЦК.docx;C:\Users\Sergey\MAGA\Kimch\НМЦК_сборка\44-фз\Закупка № 0332100025625000013 Приложение 2 - Расчет НМЦК.docx;;;not_found_any_doc.csv
0332100025625000014;;;;Закупка № 0332100025625000014 Приложение 2 - Расчет НМЦК.docx;C:\Users\Sergey\MAGA\Kimch\НМЦК_сборка\44-фз\Закупка № 0332100025625000014 Приложение 2 - Расчет НМЦК.docx;;;not_found_any_doc.csv
0817600001225000002;22;567;orders+article;Закупка № 0817600001225000002 Обонование НМЦК_.docx;C:\Users\Sergey\MAGA\Kimch\НМЦК_сборка\44-фз\Закупка № 0817600001225000002 Обонование НМЦК_.docx;22:           В соответствии с требованиями статьи 22 Федерального закона от 05.04.2013 года ;567:  Минэкономразвития РФ от 02.10.2013 г. №567. Определение НМЦК осуществляется на осн;found_any_doc.csv
0306100005925000013;22;567;orders+article;Закупка № 0306100005925000013 Приложение № 2 НМЦК буи.docx;C:\Users\Sergey\MAGA\Kimch\НМЦК_сборка\44-фз\Закупка № 0306100005925000013 Приложение № 2 НМЦК буи.docx;22: н как приоритетный в соответствии с п.6 ст. 22 Федерального закона от 5 апреля 2013 го;567: номического развития РФ от 02.10.2013. №567 (расчет приведен в Приложении Б к насто;found_any_doc.csv
0324100004125000001;;639;orders;Закупка № 0324100004125000001 2 Обоснование НМЦК.docx;C:\Users\Sergey\MAGA\Kimch\НМЦК_сборка\44-фз\Закупка № 0324100004125000001 2 Обоснование НМЦК.docx;;639: зом Минпромторга России от 28.02.2023 № 639 «Об утверждении Порядка определения нач;found_any_doc.csv
0318100060325000004;22;567;orders+article;Закупка № 0318100060325000004 Приложение № 1 - НМЦК.xlsx;C:\Users\Sergey\MAGA\Kimch\НМЦК_сборка\44-фз\Закупка № 0318100060325000004 Приложение № 1 - НМЦК.xlsx;22:  методом расчета НМЦК в соответствии со статьей 22 Федерального закона № 44-ФЗ от 05.04.20;567: 0 раздела III приказа от 02.10.2013г. № 567 «Об утверждении методических рекомендац | ия Российской Федерации от 02.10.2013 № 567 «Об утверждении методических рекомендац;found_any.csv
0325100002425000004;22;567;orders+article;Закупка № 0325100002425000004 Приложение 2 Расчет-обоснование Н(М)ЦК.docx;C:\Users\Sergey\MAGA\Kimch\НМЦК_сборка\44-фз\Закупка № 0325100002425000004 Приложение 2 Расчет-обоснование Н(М)ЦК.docx;22: и обосновывается в соответствии с п.2-5 ст.22 Федерального закона от 05.04.2013 №44-Ф | и обосновывается в соответствии с п.2-5 ст.22 Федерального закона от 05.04.2013 №44-Ф;"567: асно Приказа Минэкономразвития России № 567 от 02.10.2013г. ""Об утверждении Методич | асно Приказа Минэкономразвития России № 567 от 02.10.2013г. ""Об утверждении Методич";found_any_doc.csv
0145200000425001096;22|34;567;orders+article;Закупка № 0145200000425001096 Приложение 2 Обоснование НМЦК.docx;C:\Users\Sergey\MAGA\Kimch\НМЦК_сборка\44-фз\Закупка № 0145200000425001096 Приложение 2 Обоснование НМЦК.docx;22: боснована в соответствии с требованиями статьи 22 Федерального закона от 05.04.2013 г. №  || 34: ости закупок, а также в соответствии со ст. 34 Бюджетного кодекса РФ и с учетом выделе;"567: ия Российской Федерации от 02.10.2013 № 567 ""Об утверждении методических рекомендац";found_any_doc.csv
0358200011325000018;22;567;orders+article;Закупка № 0358200011325000018 Обоснование_НМЦК.docx;C:\Users\Sergey\MAGA\Kimch\НМЦК_сборка\44-фз\Закупка № 0358200011325000018 Обоснование_НМЦК.docx;22:  (ст. 22 ч.1 п. 1 – метод сопоставимых рыночных  | боснована в соответствии с требованиями статьи 22 Закона и приказом Министерства экономич;567: ия Российской Федерации от 02.10.2013 № 567 «Об утверждении методических рекомендац | инэкономразвития России от 02.10.2013 № 567 «Об утверждении Методических рекомендац;found_any_doc.csv
0358200011325000003;22;567;orders+article;Закупка № 0358200011325000003 Обоснование_НМЦК.docx;C:\Users\Sergey\MAGA\Kimch\НМЦК_сборка\44-фз\Закупка № 0358200011325000003 Обоснование_НМЦК.docx;22:  (ст. 22 ч.1 п. 1 – метод сопоставимых рыночных  | боснована в соответствии с требованиями статьи 22 Закона и приказом Министерства экономич;567: ия Российской Федерации от 02.10.2013 № 567 «Об утверждении методических рекомендац | инэкономразвития России от 02.10.2013 № 567 «Об утверждении Методических рекомендац;found_any_doc.csv
0119200000125011262;22;;article;Закупка № 0119200000125011262 НМЦК.xlsx;C:\Users\Sergey\MAGA\Kimch\НМЦК_сборка\44-фз\Закупка № 0119200000125011262 НМЦК.xlsx;22: В соответствии с п. 2 ст. 22 Федерального закона от 05.04.2013 № 44-;;found_any.csv
0348200085625000008;;567;orders;Закупка № 0348200085625000008 Обоснование НМЦК.pdf;C:\Users\Sergey\MAGA\Kimch\НМЦК_сборка\44-фз\Закупка № 0348200085625000008 Обоснование НМЦК.pdf;;567: ия Российской Федерации от 02.10.2013 № 567 «Об  утверждении методических рекоменда;found_any_pdf.csv
0112200000825000736;22;;article;Закупка № 0112200000825000736 НМЦК новый.xlsx;C:\Users\Sergey\MAGA\Kimch\НМЦК_сборка\44-фз\Закупка № 0112200000825000736 НМЦК новый.xlsx;22: н (анализа рынка) В соответствии с ч. 6 ст.22 Федерального закона от 05.04.2013 N 44-;;found_any.csv
0112200000825002195;22;;article;Закупка № 0112200000825002195 НМЦК новый.xlsx;C:\Users\Sergey\MAGA\Kimch\НМЦК_сборка\44-фз\Закупка № 0112200000825002195 НМЦК новый.xlsx;22: н (анализа рынка) В соответствии с ч. 6 ст.22 Федерального закона от 05.04.2013 N 44-;;found_any.csv
0112200000825002420;22;;article;Закупка № 0112200000825002420 НМЦК новый.xlsx;C:\Users\Sergey\MAGA\Kimch\НМЦК_сборка\44-фз\Закупка № 0112200000825002420 НМЦК новый.xlsx;22: н (анализа рынка) В соответствии с ч. 6 ст.22 Федерального закона от 05.04.2013 N 44-;;found_any.csv
0112200000825003180;22;;article;Закупка № 0112200000825003180 НМЦК новый.xlsx;C:\Users\Sergey\MAGA\Kimch\НМЦК_сборка\44-фз\Закупка № 0112200000825003180 НМЦК новый.xlsx;22: н (анализа рынка) В соответствии с ч. 6 ст.22 Федерального закона от 05.04.2013 N 44-;;found_any.csv
0372500009325000008;;567;orders;Закупка № 0372500009325000008 НМЦК_423.xlsx;C:\Users\Sergey\MAGA\Kimch\НМЦК_сборка\44-фз\Закупка № 0372500009325000008 НМЦК_423.xlsx;;"567: ия Российской Федерации от 02.10.2013 № 567 «Об утверждении методических рекомендац | инэкономразвития России от 02.10.2013 N 567 ""Об утверждении Методических рекомендац";found_any.csv
0372500009325000018;;567;orders;Закупка № 0372500009325000018 Обоснование_НМЦК[15].xlsx;C:\Users\Sergey\MAGA\Kimch\НМЦК_сборка\44-фз\Закупка № 0372500009325000018 Обоснование_НМЦК[15].xlsx;;"567: ия Российской Федерации от 02.10.2013 № 567 «Об утверждении методических рекомендац | инэкономразвития России от 02.10.2013 N 567 ""Об утверждении Методических рекомендац";found_any.csv
0348200077025000023;;567;orders;Закупка № 0348200077025000023 Обоснование НМЦК.pdf;C:\Users\Sergey\MAGA\Kimch\НМЦК_сборка\44-фз\Закупка № 0348200077025000023 Обоснование НМЦК.pdf;;567: ия Российской Федерации от 02.10.2013 № 567 «Об  утверждении методических рекоменда;found_any_pdf.csv
0372500009325000020;;567;orders;Закупка № 0372500009325000020 Приложение_№_1_-_Обоснование_НМЦК.xlsx;C:\Users\Sergey\MAGA\Kimch\НМЦК_сборка\44-фз\Закупка № 0372500009325000020 Приложение_№_1_-_Обоснование_НМЦК.xlsx;;"567: ия Российской Федерации от 02.10.2013 № 567 «Об утверждении методических рекомендац | инэкономразвития России от 02.10.2013 N 567 ""Об утверждении Методических рекомендац";found_any.csv
0372200141825000040;;567;orders;Закупка № 0372200141825000040 НМЦК2025-байдарки.xlsx;C:\Users\Sergey\MAGA\Kimch\НМЦК_сборка\44-фз\Закупка № 0372200141825000040 НМЦК2025-байдарки.xlsx;;567: инэкономразвития России от 02.10.2013 N 567 «Об утверждении Методических рекомендац;found_any.csv
0818500000825002876;22;567;orders+article;Закупка № 0818500000825002876 Обоснование НМЦК.xlsx;C:\Users\Sergey\MAGA\Kimch\НМЦК_сборка\44-фз\Закупка № 0818500000825002876 Обоснование НМЦК.xlsx;22: сполнителем), в соответствии с частью 6 статьи 22 Федерального закона от 5 апреля 2013 г.;"567: ийской Федерации от 2 октября 2013 г. № 567 ""Об утверждении методических рекомендац";found_any.csv
0358200011325000008;22;;article;Закупка № 0358200011325000008 Расчет НМЦК.xlsx;C:\Users\Sergey\MAGA\Kimch\НМЦК_сборка\44-фз\Закупка № 0358200011325000008 Расчет НМЦК.xlsx;22:  цен (анализа рынка). В соответствии со статьей 22 Федерального законом от 05 апреля 2013 ;;found_any.csv
0329100005925000090;22;567;orders+article;Закупка № 0329100005925000090 94эа обоснование нмцк.doc;C:\Users\Sergey\MAGA\Kimch\НМЦК_сборка\44-фз\Закупка № 0329100005925000090 94эа обоснование нмцк.doc;22: ны договора определен в соответствии со статьей 22 44-ФЗ, на основании приказа Министерств;567: Российской Федерации от 02.10.2013 г. № 567 «Об утверждении Методических рекомендац;found_any_doc.csv
0818500000825002462;22;567;orders+article;Закупка № 0818500000825002462 Обоснование НМЦК.xlsx;C:\Users\Sergey\MAGA\Kimch\НМЦК_сборка\44-фз\Закупка № 0818500000825002462 Обоснование НМЦК.xlsx;22:  (максимальной) цены контракта: часть 6 ст 22 Федерального закона 44-ФЗ от 5 апреля 2;567: ской Федерации от 2 октября 2013 года № 567 «Об утверждении методических рекомендац;found_any.csv
0372200141825000038;;567;orders;Закупка № 0372200141825000038 НМЦК2025_-_швертбот_29.xlsx;C:\Users\Sergey\MAGA\Kimch\НМЦК_сборка\44-фз\Закупка № 0372200141825000038 НМЦК2025_-_швертбот_29.xlsx;;567: инэкономразвития России от 02.10.2013 N 567 «Об утверждении Методических рекомендац;found_any.csv
0372200243825000007;22;567;orders+article;Закупка № 0372200243825000007 Приложение__№2__-_Обоснование_НМЦК.docx;C:\Users\Sergey\MAGA\Kimch\НМЦК_сборка\44-фз\Закупка № 0372200243825000007 Приложение__№2__-_Обоснование_НМЦК.docx;22: боснована в соответствии с требованиями статьи 22 Закона и методических рекомендаций по п;567: ия Российской Федерации от 02.10.2013 № 567 «Об утверждении Методических рекомендац;found_any_doc.csv
0848600002725000101;;567;orders;Закупка № 0848600002725000101 Обоснование НМЦК.pdf;C:\Users\Sergey\MAGA\Kimch\НМЦК_сборка\44-фз\Закупка № 0848600002725000101 Обоснование НМЦК.pdf;;567: ия Российской Федерации от 02.10.2013 № 567 «Об  утверждении методических рекоменда;found_any_pdf.csv
0372200141825000026;;567;orders;Закупка № 0372200141825000026 НМЦК2024-товар.xlsx;C:\Users\Sergey\MAGA\Kimch\НМЦК_сборка\44-фз\Закупка № 0372200141825000026 НМЦК2024-товар.xlsx;;567: инэкономразвития России от 02.10.2013 N 567 «Об утверждении Методических рекомендац;found_any.csv
0832200006625000139;;;;Закупка № 0832200006625000139 139ЭА-25. Расчет НМЦК.pdf;C:\Users\Sergey\MAGA\Kimch\НМЦК_сборка\44-фз\Закупка № 0832200006625000139 139ЭА-25. Расчет НМЦК.pdf;;;not_found_any_pdf.csv
0859200001125004111;;567;orders;Закупка № 0859200001125004111.docx;C:\Users\Sergey\MAGA\Kimch\НМЦК_сборка\44-фз\Закупка № 0859200001125004111.docx;;567: кономразвития России от 02.10.2013 г. № 567;found_any_doc.csv
0832200006625000006;;;;Закупка № 0832200006625000006 12ЭА-25. Расчет НМЦК.pdf;C:\Users\Sergey\MAGA\Kimch\НМЦК_сборка\44-фз\Закупка № 0832200006625000006 12ЭА-25. Расчет НМЦК.pdf;;;not_found_any_pdf.csv
0352100012725000033;;;;Закупка № 0352100012725000033 16-ЭА-2025 Обоснование НМЦК.docx;C:\Users\Sergey\MAGA\Kimch\НМЦК_сборка\44-фз\Закупка № 0352100012725000033 16-ЭА-2025 Обоснование НМЦК.docx;;;not_found_any_doc.csv
0318200067725000001;22;567;orders+article;Закупка № 0318200067725000001 2. Обоснование НМЦК.xls;C:\Users\Sergey\MAGA\Kimch\НМЦК_сборка\44-фз\Закупка № 0318200067725000001 2. Обоснование НМЦК.xls;22: й) цены контракта в соответствии с ч. 6 ст. 22 Федерального закона от 05.04.2013 № 44- | й) цены контракта в соответствии с ч. 6 ст. 22 Федерального закона от 05.04.2013 № 44-;567: кой Федерации от 2 октября 2013 года  № 567 «Об утверждении методических рекомендац | ской Федерации от 2 октября 2013 года № 567 «Об утверждении методических рекомендац;found_any.csv
0169300008225000266;;567;orders;Закупка № 0169300008225000266 Приложение 2 - Обоснование НМЦК.xlsx;C:\Users\Sergey\MAGA\Kimch\НМЦК_сборка\44-фз\Закупка № 0169300008225000266 Приложение 2 - Обоснование НМЦК.xlsx;;"567: инэкономразвития России от 02.10.2013 N 567 ""Об утверждении методических рекомендац";found_any.csv
0335100016125000092;22;;article;Закупка № 0335100016125000092 НМЦК_Поставка-весельных-спортивно-тренировочных-судов-с-парусным-вооружением-для-БГАРФ-ФГБОУ-ВО--КГТУ-.docx;C:\Users\Sergey\MAGA\Kimch\НМЦК_сборка\44-фз\Закупка № 0335100016125000092 НМЦК_Поставка-весельных-спортивно-тренировочных-судов-с-парусным-вооружением-для-БГАРФ-ФГБОУ-ВО--КГТУ-.docx;22:  (НМЦК), определенная в соответствии со статьей 22 Закона N 44-ФЗ, не должна превышать дов;;found_any_doc.csv
0335100016125000118;22;;article;Закупка № 0335100016125000118 НМЦК_Поставка-весельных-спортивно-тренировочных-судов-с-парусным-вооружением-для-БГАРФ-ФГБОУ-ВО--КГТУ-.docx;C:\Users\Sergey\MAGA\Kimch\НМЦК_сборка\44-фз\Закупка № 0335100016125000118 НМЦК_Поставка-весельных-спортивно-тренировочных-судов-с-парусным-вооружением-для-БГАРФ-ФГБОУ-ВО--КГТУ-.docx;22:  (НМЦК), определенная в соответствии со статьей 22 Закона N 44-ФЗ, не должна превышать дов;;found_any_doc.csv
0358100002225000040;;;;Закупка № 0358100002225000040 Приложение №2_Обоснование НМЦК_21-25-ЭА.docx;C:\Users\Sergey\MAGA\Kimch\НМЦК_сборка\44-фз\Закупка № 0358100002225000040 Приложение №2_Обоснование НМЦК_21-25-ЭА.docx;;;not_found_any_doc.csv
0372200078925000054;22;567;orders+article;Закупка № 0372200078925000054 2_Расчёт_НМЦК_.xls;C:\Users\Sergey\MAGA\Kimch\НМЦК_сборка\44-фз\Закупка № 0372200078925000054 2_Расчёт_НМЦК_.xls;22: аказчиком в соответствии с требованиями статьи 22 Федерального закона 44-ФЗ. При определе;567: ия Российской Федерации от 02.10.2013 № 567 «Об утверждении Методических рекомендац;found_any.csv
0301300247625000338;22;567;orders+article;Закупка № 0301300247625000338 ОБОСНОВАНИЕ НАЧАЛЬНОЙ (МАКСИМАЛЬНОЙ) ЦЕНЫ КОНТРАКТА.docx.docx;C:\Users\Sergey\MAGA\Kimch\НМЦК_сборка\44-фз\Закупка № 0301300247625000338 ОБОСНОВАНИЕ НАЧАЛЬНОЙ (МАКСИМАЛЬНОЙ) ЦЕНЫ КОНТРАКТА.docx.docx;22: ом, исполнителем) (в соответствии с п.6 ст.22 44-ФЗ) Расчет выполнен в соответствии с | ом, исполнителем) (в соответствии с п.6 ст.22 44-ФЗ) Расчет выполнен в соответствии с;567: жденными приказом МЭР РФ от 02.10.2013 №567 | жденными приказом МЭР РФ от 02.10.2013 №567;found_any_doc.csv
0834500000125000010;22;567;orders+article;Закупка № 0834500000125000010 НМЦК.doc;C:\Users\Sergey\MAGA\Kimch\НМЦК_сборка\44-фз\Закупка № 0834500000125000010 НМЦК.doc;22: зучения рынка в соответствии с частью 6 статьи 22 Федерального закона № 44-ФЗ, а также с ;567: ской Федерации от 2 октября 2013 года № 567), методических рекомендаций по определе;found_any_doc.csv
0324100004425000103;;;;Закупка № 0324100004425000103 Приложение № 2 - Обоснование начальной (максимальной) цены контракта 103-ОА.docx;C:\Users\Sergey\MAGA\Kimch\НМЦК_сборка\44-фз\Закупка № 0324100004425000103 Приложение № 2 - Обоснование начальной (максимальной) цены контракта 103-ОА.docx;;;not_found_any_doc.csv
0163300029425000230;22;;article;Закупка № 0163300029425000230 Обоснование НМЦК.docx;C:\Users\Sergey\MAGA\Kimch\НМЦК_сборка\44-фз\Закупка № 0163300029425000230 Обоснование НМЦК.docx;22: н (анализа рынка) в соответствии с ч. 6 ст. 22 Федерального закона от 05.04.2013 № 44- | н (анализа рынка) в соответствии с ч. 6 ст. 22 Федерального закона от 05.04.2013 № 44-;;found_any_doc.csv
0348100026525000110;22;567;orders+article;Закупка № 0348100026525000110 Приложение №1 к Извещению. РНМЦК.docx;C:\Users\Sergey\MAGA\Kimch\НМЦК_сборка\44-фз\Закупка № 0348100026525000110 Приложение №1 к Извещению. РНМЦК.docx;22: ом, исполнителем) (в соответствии с п.6 ст.22 44-ФЗ) Расчет выполнен в соответствии с;567: жденными приказом МЭР РФ от 02.10.2013 №567;found_any_doc.csv
0131200001025005185;22;567;orders+article;Закупка № 0131200001025005185 Приложение 2 - Обоснование НМЦК_05721.xls;C:\Users\Sergey\MAGA\Kimch\НМЦК_сборка\44-фз\Закупка № 0131200001025005185 Приложение 2 - Обоснование НМЦК_05721.xls;22: асчет НМЦК произведен в соответствии со ст. 22 Федерального закона от 05.04.2013 г. № ;"567: инэкономразвития России от 02.10.2013 N 567 ""Об утверждении Методических рекомендац";found_any.csv
0372200236125000031;22;567;orders+article;Закупка № 0372200236125000031 Приложение_№_2_-_Обоснование_НМЦК[6].docx;C:\Users\Sergey\MAGA\Kimch\НМЦК_сборка\44-фз\Закупка № 0372200236125000031 Приложение_№_2_-_Обоснование_НМЦК[6].docx;22: ее – НМЦК) произведен в соответствии со статьей 22 Федерального закона от 05.04.2013 года ;567: ской Федерации от 02 октября 2013 года №567 «Об утверждении методических рекомендац | инэкономразвития России от 02.10.2013 № 567 «Об утверждении Методических рекомендац;found_any_doc.csv
0860200000825001084;;567;orders;Закупка № 0860200000825001084 ПРИЛОЖЕНИЕ № 2 Обоснование начальной (максимальной) цены контракта.docx;C:\Users\Sergey\MAGA\Kimch\НМЦК_сборка\44-фз\Закупка № 0860200000825001084 ПРИЛОЖЕНИЕ № 2 Обоснование начальной (максимальной) цены контракта.docx;;567: инэкономразвития России от 02.10.2013 № 567 «Об утверждении Методических рекомендац;found_any_doc.csv
0372200141825000023;;567;orders;Закупка № 0372200141825000023 НМЦК2024-товар[1].xlsx;C:\Users\Sergey\MAGA\Kimch\НМЦК_сборка\44-фз\Закупка № 0372200141825000023 НМЦК2024-товар[1].xlsx;;567: инэкономразвития России от 02.10.2013 N 567 «Об утверждении Методических рекомендац;found_any.csv
0151100008425000019;;;;Закупка № 0151100008425000019 Приложение № 1. Обоснование цены НМЦК.xlsx;C:\Users\Sergey\MAGA\Kimch\НМЦК_сборка\44-фз\Закупка № 0151100008425000019 Приложение № 1. Обоснование цены НМЦК.xlsx;;;not_found_any.csv
0151100008425000024;;;;Закупка № 0151100008425000024 Приложение № 1. Обоснование цены НМЦК.xlsx;C:\Users\Sergey\MAGA\Kimch\НМЦК_сборка\44-фз\Закупка № 0151100008425000024 Приложение № 1. Обоснование цены НМЦК.xlsx;;;not_found_any.csv
0151100008425000025;;;;Закупка № 0151100008425000025 Приложение № 1. Обоснование цены НМЦК.xlsx;C:\Users\Sergey\MAGA\Kimch\НМЦК_сборка\44-фз\Закупка № 0151100008425000025 Приложение № 1. Обоснование цены НМЦК.xlsx;;;not_found_any.csv
0335300053925000042;22;567;orders+article;Закупка № 0335300053925000042 2. Обоснование НМЦК (понтон).docx;C:\Users\Sergey\MAGA\Kimch\НМЦК_сборка\44-фз\Закупка № 0335300053925000042 2. Обоснование НМЦК (понтон).docx;22: В соответствии со ст.22 Федерального закона от 05.04.2013 № 44-;567: Российской Федерации от 02.10.2013 г. № 567                           «Об утвержден;found_any_doc.csv
0346300130525000002;;;;Закупка № 0346300130525000002 1. Обоснование НМЦК (кадеты).docx;C:\Users\Sergey\MAGA\Kimch\НМЦК_сборка\44-фз\Закупка № 0346300130525000002 1. Обоснование НМЦК (кадеты).docx;;;not_found_any_doc.csv
0372200141825000020;;567;orders;Закупка № 0372200141825000020 НМЦК2024-товар.xlsx;C:\Users\Sergey\MAGA\Kimch\НМЦК_сборка\44-фз\Закупка № 0372200141825000020 НМЦК2024-товар.xlsx;;567: инэкономразвития России от 02.10.2013 N 567 «Об утверждении Методических рекомендац;found_any.csv
0372200141825000011;;567;orders;Закупка № 0372200141825000011 НМЦК2024-товар.xlsx;C:\Users\Sergey\MAGA\Kimch\НМЦК_сборка\44-фз\Закупка № 0372200141825000011 НМЦК2024-товар.xlsx;;567: инэкономразвития России от 02.10.2013 N 567 «Об утверждении Методических рекомендац;found_any.csv
0346300130525000004;;;;Закупка № 0346300130525000004 1. Обоснование НМЦК (8).docx;C:\Users\Sergey\MAGA\Kimch\НМЦК_сборка\44-фз\Закупка № 0346300130525000004 1. Обоснование НМЦК (8).docx;;;not_found_any_doc.csv
0358200054225000001;22;567;orders+article;Закупка № 0358200054225000001 Обоснование НМЦК .xls;C:\Users\Sergey\MAGA\Kimch\НМЦК_сборка\44-фз\Закупка № 0358200054225000001 Обоснование НМЦК .xls;22: ом, исполнителем) (в соответствии с п.6 ст.22 44-ФЗ)  Расчет выполнен в соответствии ;567: жденными приказом МЭР РФ от 02.10.2013 №567;found_any.csv
0358200005425000001;22;567;orders+article;Закупка № 0358200005425000001 Обоснование_НМЦК.docx;C:\Users\Sergey\MAGA\Kimch\НМЦК_сборка\44-фз\Закупка № 0358200005425000001 Обоснование_НМЦК.docx;22:  (ст. 22 ч.1 п. 1 – метод сопоставимых рыночных  | боснована в соответствии с требованиями статьи 22 Закона и приказом Министерства экономич;567: ия Российской Федерации от 02.10.2013 № 567 «Об утверждении методических рекомендац | инэкономразвития России от 02.10.2013 № 567 «Об утверждении Методических рекомендац;found_any_doc.csv
0372200271025000061;22;567;orders+article;Закупка № 0372200271025000061 Обоснование_НМЦК_лодки.docx;C:\Users\Sergey\MAGA\Kimch\НМЦК_сборка\44-фз\Закупка № 0372200271025000061 Обоснование_НМЦК_лодки.docx;22:  (ст. 22 ч.1 п. 1 – метод сопоставимых рыночных  | боснована в соответствии с требованиями статьи 22 Закона и приказом Министерства экономич;567: ия Российской Федерации от 02.10.2013 № 567 «Об утверждении методических рекомендац;found_any_doc.csv
0372200141825000039;;567;orders;Закупка № 0372200141825000039 НМЦКбайдарка_двойка_Nelo.xlsx;C:\Users\Sergey\MAGA\Kimch\НМЦК_сборка\44-фз\Закупка № 0372200141825000039 НМЦКбайдарка_двойка_Nelo.xlsx;;567: инэкономразвития России от 02.10.2013 N 567 «Об утверждении Методических рекомендац;found_any.csv
0358200054425000003;22;567;orders+article;Закупка № 0358200054425000003 ОБОСНОВАНИЕ НМЦК.docx;C:\Users\Sergey\MAGA\Kimch\НМЦК_сборка\44-фз\Закупка № 0358200054425000003 ОБОСНОВАНИЕ НМЦК.docx;22:           В соответствии с частями 2, 6 статьи 22 Федерального закона от 05.04.2013 № 44-;567: кономразвития России от 02.10.2013 г. № 567 «Об утверждении Методических рекомендац;found_any_doc.csv
0131200001025002520;;567;orders;Закупка № 0131200001025002520 Приложение №2 Обоснование НМЦК.xls;C:\Users\Sergey\MAGA\Kimch\НМЦК_сборка\44-фз\Закупка № 0131200001025002520 Приложение №2 Обоснование НМЦК.xls;;"567: тия Российской Федерации от 02.10.2013 №567 ""Об утверждении методических рекомендац";found_any.csv
0372200141825000036;;567;orders;Закупка № 0372200141825000036 НМЦКбайдарка_четверка.xlsx;C:\Users\Sergey\MAGA\Kimch\НМЦК_сборка\44-фз\Закупка № 0372200141825000036 НМЦКбайдарка_четверка.xlsx;;567: инэкономразвития России от 02.10.2013 N 567 «Об утверждении Методических рекомендац;found_any.csv
0358200020425000005;22;;article;Закупка № 0358200020425000005 ОБОСНОВАНИЕ НМЦК.xls;C:\Users\Sergey\MAGA\Kimch\НМЦК_сборка\44-фз\Закупка № 0358200020425000005 ОБОСНОВАНИЕ НМЦК.xls;22: анализ рынка) в соответствии с частью 2 статьи 22 Федерального закона от 05.04.2013 №44-Ф | ьзуемого метода: в соответствии с ч. 6. ст. 22 Федерального закона от 05.04.2013 №44-Ф;;found_any.csv
0348100008825000022;22|34;567;orders+article;Закупка № 0348100008825000022 Приложение № 1 -  НМЦК.xls;C:\Users\Sergey\MAGA\Kimch\НМЦК_сборка\44-фз\Закупка № 0348100008825000022 Приложение № 1 -  НМЦК.xls;22: авщиков. И в соответствии с положениями ст. 22 Федерального закона №44-ФЗ и Приказа Ми || 34: ния бюджетных средств, регламентируемым ст. 34 БК РФ, обязывающей  участников бюджетно;"567: инэкономразвития России от 02.10.2013 N 567 ""Об утверждении Методических рекомендац | ического развития Российской Федерации №567 от 2 октября 2013г. и во избежание сгов";found_any.csv
0318200030225000002;22;567;orders+article;Закупка № 0318200030225000002 Обоснование НМЦК.xlsx;C:\Users\Sergey\MAGA\Kimch\НМЦК_сборка\44-фз\Закупка № 0318200030225000002 Обоснование НМЦК.xlsx;22: сполнителем), в соответствии с частью 6 статьи 22 Федерального закона от 5 апреля 2013 г.;"567: ийской Федерации от 2 октября 2013 г. № 567 ""Об утверждении методических рекомендац";found_any.csv
0123200000325000861;;;;Закупка № 0123200000325000861 Обоснование НМЦК.xls;C:\Users\Sergey\MAGA\Kimch\НМЦК_сборка\44-фз\Закупка № 0123200000325000861 Обоснование НМЦК.xls;;;not_found_any.csv
0358200054225000003;22;567;orders+article;Закупка № 0358200054225000003 Обоснование НМЦК.xls;C:\Users\Sergey\MAGA\Kimch\НМЦК_сборка\44-фз\Закупка № 0358200054225000003 Обоснование НМЦК.xls;22: ом, исполнителем) (в соответствии с п.6 ст.22 44-ФЗ)  Расчет выполнен в соответствии ;567: жденными приказом МЭР РФ от 02.10.2013 №567;found_any.csv
0358200054425000001;22;567;orders+article;Закупка № 0358200054425000001 ОБОСНОВАНИЕ НМЦК.docx;C:\Users\Sergey\MAGA\Kimch\НМЦК_сборка\44-фз\Закупка № 0358200054425000001 ОБОСНОВАНИЕ НМЦК.docx;22:           В соответствии с частями 2, 6 статьи 22 Федерального закона от 05.04.2013 № 44-;567: кономразвития России от 02.10.2013 г. № 567 «Об утверждении Методических рекомендац;found_any_doc.csv
0358200011325000005;22;567;orders+article;Закупка № 0358200011325000005 Обоснование_НМЦК.docx;C:\Users\Sergey\MAGA\Kimch\НМЦК_сборка\44-фз\Закупка № 0358200011325000005 Обоснование_НМЦК.docx;22:  (ст. 22 ч.1 п. 1 – метод сопоставимых рыночных  | боснована в соответствии с требованиями статьи 22 Закона и приказом Министерства экономич;567: ия Российской Федерации от 02.10.2013 № 567 «Об утверждении методических рекомендац | инэкономразвития России от 02.10.2013 № 567 «Об утверждении Методических рекомендац;found_any_doc.csv
0358200011325000007;22;567;orders+article;Закупка № 0358200011325000007 Обоснование_НМЦК.docx;C:\Users\Sergey\MAGA\Kimch\НМЦК_сборка\44-фз\Закупка № 0358200011325000007 Обоснование_НМЦК.docx;22:  (ст. 22 ч.1 п. 1 – метод сопоставимых рыночных  | боснована в соответствии с требованиями статьи 22 Закона и приказом Министерства экономич;567: ия Российской Федерации от 02.10.2013 № 567 «Об утверждении методических рекомендац | инэкономразвития России от 02.10.2013 № 567 «Об утверждении Методических рекомендац;found_any_doc.csv
0358200011325000006;22;567;orders+article;Закупка № 0358200011325000006 Обоснование_НМЦК.docx;C:\Users\Sergey\MAGA\Kimch\НМЦК_сборка\44-фз\Закупка № 0358200011325000006 Обоснование_НМЦК.docx;22:  (ст. 22 ч.1 п. 1 – метод сопоставимых рыночных  | боснована в соответствии с требованиями статьи 22 Закона и приказом Министерства экономич;567: ия Российской Федерации от 02.10.2013 № 567 «Об утверждении методических рекомендац | инэкономразвития России от 02.10.2013 № 567 «Об утверждении Методических рекомендац;found_any_doc.csv
0137200001225003242;;;;Закупка № 0137200001225003242 1. Обоснование НМЦК.docx;C:\Users\Sergey\MAGA\Kimch\НМЦК_сборка\44-фз\Закупка № 0137200001225003242 1. Обоснование НМЦК.docx;;;not_found_any_doc.csv
0348200080425000058;;567;orders;Закупка № 0348200080425000058 Обоснование НМЦК.pdf;C:\Users\Sergey\MAGA\Kimch\НМЦК_сборка\44-фз\Закупка № 0348200080425000058 Обоснование НМЦК.pdf;;567: ия Российской Федерации от 02.10.2013 № 567 «Об  утверждении методических рекоменда;found_any_pdf.csv
0346300130525000009;;;;Закупка № 0346300130525000009 1. Обоснование НМЦК (2ка).docx;C:\Users\Sergey\MAGA\Kimch\НМЦК_сборка\44-фз\Закупка № 0346300130525000009 1. Обоснование НМЦК (2ка).docx;;;not_found_any_doc.csv
0816600003725000019;;567;orders;Закупка № 0816600003725000019 Приложение №2. ОНМЦК.xlsx;C:\Users\Sergey\MAGA\Kimch\НМЦК_сборка\44-фз\Закупка № 0816600003725000019 Приложение №2. ОНМЦК.xlsx;;"567: инэкономразвития России от 02.10.2013 N 567 ""Об утверждении Методических рекомендац | инэкономразвития России от 02.10.2013 № 567 расчет произведен с помощью стандартных";found_any.csv
0108500000425000045;22;;article;Закупка № 0108500000425000045 Прил№3_Обоснование НМЦК.xlsx;C:\Users\Sergey\MAGA\Kimch\НМЦК_сборка\44-фз\Закупка № 0108500000425000045 Прил№3_Обоснование НМЦК.xlsx;22: (Н(М)ЦК) в соответствии с требованиями  ст.22 ФЗ-44 от 05.04.2013 г. на поставку алюм;;found_any.csv
0108500000425000888;;;;Закупка № 0108500000425000888 Приложение № 3  Обоснование НМЦК байдарка.xls;C:\Users\Sergey\MAGA\Kimch\НМЦК_сборка\44-фз\Закупка № 0108500000425000888 Приложение № 3  Обоснование НМЦК байдарка.xls;;;not_found_any.csv
0108500000425001065;;;;Закупка № 0108500000425001065 Приложение № 3  Обоснование НМЦК байдарка.xls;C:\Users\Sergey\MAGA\Kimch\НМЦК_сборка\44-фз\Закупка № 0108500000425001065 Приложение № 3  Обоснование НМЦК байдарка.xls;;;not_found_any.csv
0372200141825000012;;567;orders;Закупка № 0372200141825000012 НМЦК2025-байдарки.xlsx;C:\Users\Sergey\MAGA\Kimch\НМЦК_сборка\44-фз\Закупка № 0372200141825000012 НМЦК2025-байдарки.xlsx;;567: инэкономразвития России от 02.10.2013 N 567 «Об утверждении Методических рекомендац;found_any.csv
0358200054225000002;22;567;orders+article;Закупка № 0358200054225000002 Обоснование НМЦКxls .xls;C:\Users\Sergey\MAGA\Kimch\НМЦК_сборка\44-фз\Закупка № 0358200054225000002 Обоснование НМЦКxls .xls;22: ом, исполнителем) (в соответствии с п.6 ст.22 44-ФЗ)  Расчет выполнен в соответствии ;567: жденными приказом МЭР РФ от 02.10.2013 №567;found_any.csv
0860200000825000640;22;;article;Закупка № 0860200000825000640 ПРИЛОЖЕНИЕ № 2 Обоснование начальной (максимальной) цены контракта.docx;C:\Users\Sergey\MAGA\Kimch\НМЦК_сборка\44-фз\Закупка № 0860200000825000640 ПРИЛОЖЕНИЕ № 2 Обоснование начальной (максимальной) цены контракта.docx;22: ее - НМЦК) определена в соответствии со статьей 22 Федерального закона от 05.04.2013 № 44-;;found_any_doc.csv
0372200141825000025;;567;orders;Закупка № 0372200141825000025 НМЦК2025_-_лодки_для_гр_спорта_(одиночка_и_двойка_гоночные).xlsx;C:\Users\Sergey\MAGA\Kimch\НМЦК_сборка\44-фз\Закупка № 0372200141825000025 НМЦК2025_-_лодки_для_гр_спорта_(одиночка_и_двойка_гоночные).xlsx;;567: инэкономразвития России от 02.10.2013 N 567 «Об утверждении Методических рекомендац;found_any.csv
0171200001925000722;22;;article;Закупка № 0171200001925000722 Обоснование НМЦК.doc.doc;C:\Users\Sergey\MAGA\Kimch\НМЦК_сборка\44-фз\Закупка № 0171200001925000722 Обоснование НМЦК.doc.doc;"22: та осуществлено на основании требований статьи 22 Федерального закона от 05.04.2013 № 44- | от, услуг в соответствии с п. 2-8 ч. 18 ст. 22 Федерального закона 44-ФЗНаименование";;found_any_doc.csv
0372100054325000019;;;;Закупка № 0372100054325000019 Приложение №2 (Обоснование НМЦК).xls;C:\Users\Sergey\MAGA\Kimch\НМЦК_сборка\44-фз\Закупка № 0372100054325000019 Приложение №2 (Обоснование НМЦК).xls;;;not_found_any.csv
0329200062225003889;;;;Закупка № 0329200062225003889 Обоснование НМЦК.doc;C:\Users\Sergey\MAGA\Kimch\НМЦК_сборка\44-фз\Закупка № 0329200062225003889 Обоснование НМЦК.doc;;;not_found_any_doc.csv
0140300024825000010;22;567;orders+article;Закупка № 0140300024825000010 НМЦК_Выполнение-работ-на-изготовление-понтона-катамаранного-типа-для-моста--наплавного--через-реку-Кильмезь-на-автомобильной-дороге--Кильмезь-Селино--Чернушка.docx;C:\Users\Sergey\MAGA\Kimch\НМЦК_сборка\44-фз\Закупка № 0140300024825000010 НМЦК_Выполнение-работ-на-изготовление-понтона-катамаранного-типа-для-моста--наплавного--через-реку-Кильмезь-на-автомобильной-дороге--Кильмезь-Селино--Чернушка.docx;22: ом, исполнителем) (в соответствии с п.6 ст.22 44-ФЗ) Расчет выполнен в соответствии с;567: жденными приказом МЭР РФ от 02.10.2013 №567;found_any_doc.csv
0818500000825003851;22;567;orders+article;Закупка № 0818500000825003851 Обоснование НМЦК луч.xlsx;C:\Users\Sergey\MAGA\Kimch\НМЦК_сборка\44-фз\Закупка № 0818500000825003851 Обоснование НМЦК луч.xlsx;22: сполнителем), в соответствии с частью 6 статьи 22 Федерального закона от 5 апреля 2013 г.;"567: ийской Федерации от 2 октября 2013 г. № 567 ""Об утверждении методических рекомендац";found_any.csv
0848600002725000108;;567;orders;Закупка № 0848600002725000108 Обоснование НМЦК.pdf;C:\Users\Sergey\MAGA\Kimch\НМЦК_сборка\44-фз\Закупка № 0848600002725000108 Обоснование НМЦК.pdf;;567: ия Российской Федерации от 02.10.2013 № 567 «Об  утверждении методических рекоменда;found_any_pdf.csv
0372100053425000004;;;;Закупка № 0372100053425000004 Прил 2_Обоснование_НМЦК.docx;C:\Users\Sergey\MAGA\Kimch\НМЦК_сборка\44-фз\Закупка № 0372100053425000004 Прил 2_Обоснование_НМЦК.docx;;;not_found_any_doc.csv
0123300004625000062;;;;Закупка № 0123300004625000062 Приложение № 4. Обоснование НМЦК.doc;C:\Users\Sergey\MAGA\Kimch\НМЦК_сборка\44-фз\Закупка № 0123300004625000062 Приложение № 4. Обоснование НМЦК.doc;;;not_found_any_doc.csv
0123300004625000078;;;;Закупка № 0123300004625000078 Приложение № 4. Обоснование НМЦК.doc;C:\Users\Sergey\MAGA\Kimch\НМЦК_сборка\44-фз\Закупка № 0123300004625000078 Приложение № 4. Обоснование НМЦК.doc;;;not_found_any_doc.csv
0123300004625000081;;;;Закупка № 0123300004625000081 Приложение № 4. Обоснование НМЦК.doc;C:\Users\Sergey\MAGA\Kimch\НМЦК_сборка\44-фз\Закупка № 0123300004625000081 Приложение № 4. Обоснование НМЦК.doc;;;not_found_any_doc.csv
0346300130525000007;;;;Закупка № 0346300130525000007 1. Обоснование НМЦК (8).docx;C:\Users\Sergey\MAGA\Kimch\НМЦК_сборка\44-фз\Закупка № 0346300130525000007 1. Обоснование НМЦК (8).docx;;;not_found_any_doc.csv
0860200000825002413;;567;orders;Закупка № 0860200000825002413 ПРИЛОЖЕНИЕ № 2 Обоснование начальной (максимальной) цены контракта.docx;C:\Users\Sergey\MAGA\Kimch\НМЦК_сборка\44-фз\Закупка № 0860200000825002413 ПРИЛОЖЕНИЕ № 2 Обоснование начальной (максимальной) цены контракта.docx;;567: инэкономразвития России от 02.10.2013 № 567 «Об утверждении Методиче-ских рекоменда | инэкономразвития России от 02.10.2013 N 567 *** Среднее значение цен определено по ;found_any_doc.csv
0131200001025005012;22;567;orders+article;Закупка № 0131200001025005012 Приложение №2 Обоснование НМЦК 5335.xls;C:\Users\Sergey\MAGA\Kimch\НМЦК_сборка\44-фз\Закупка № 0131200001025005012 Приложение №2 Обоснование НМЦК 5335.xls;22: асчет НМЦК произведен в соответствии со ст. 22 Федерального закона от 05.04.2013 г. № ;"567: инэкономразвития России от 02.10.2013 N 567 ""Об утверждении Методических рекомендац";found_any.csv
0352100012725000035;;;;Закупка № 0352100012725000035 17-ЭА-2025 Обоснование НМЦК.docx;C:\Users\Sergey\MAGA\Kimch\НМЦК_сборка\44-фз\Закупка № 0352100012725000035 17-ЭА-2025 Обоснование НМЦК.docx;;;not_found_any_doc.csv
0169300000325000410;22;567;orders+article;Закупка № 0169300000325000410 Приложение №2 к извещению - Обоснование НМЦК.xls;C:\Users\Sergey\MAGA\Kimch\НМЦК_сборка\44-фз\Закупка № 0169300000325000410 Приложение №2 к извещению - Обоснование НМЦК.xls;22: шей цене) в соответствии с требованиями статьи 22 закона № 44-ФЗ.   | чета НМЦК в соответствии с требованиями статьи 22 закона № 44-ФЗ. ;"567: инэкономразвития России от 02.10.2013 № 567 "" Об утверждении методических рекоменда | инэкономразвития россии от 02.10.2013 № 567 "" Об утверждении методических рекоменда";found_any.csv
0346300130525000001;;;;Закупка № 0346300130525000001 1. Обоснование НМЦК (прибрежная).docx;C:\Users\Sergey\MAGA\Kimch\НМЦК_сборка\44-фз\Закупка № 0346300130525000001 1. Обоснование НМЦК (прибрежная).docx;;;not_found_any_doc.csv
0134300044425000014;22;567;orders+article;Закупка № 0134300044425000014 Обоснование НМЦК.docx;C:\Users\Sergey\MAGA\Kimch\НМЦК_сборка\44-фз\Закупка № 0134300044425000014 Обоснование НМЦК.docx;22: ы контракта приведено в соответствии со статьей 22 Закона о контрактной системе и Приказом | ализа рынка). В соответствии с частью 6 статьи 22 Федерального закона от 5 апреля 2013 г.;567: ской Федерации от 2 октября 2013 года № 567 «Об утверждении методических рекомендац;found_any_doc.csv
0372200271025000062;22;567;orders+article;Закупка № 0372200271025000062 Обоснование_НМЦК_лодки_Экси.docx;C:\Users\Sergey\MAGA\Kimch\НМЦК_сборка\44-фз\Закупка № 0372200271025000062 Обоснование_НМЦК_лодки_Экси.docx;22:  (ст. 22 ч.1 п. 1 – метод сопоставимых рыночных  | боснована в соответствии с требованиями статьи 22 Закона и приказом Министерства экономич;567: ия Российской Федерации от 02.10.2013 № 567 «Об утверждении методических рекомендац;found_any_doc.csv
0348200077025000009;;567;orders;Закупка № 0348200077025000009 Обоснование НМЦК.pdf;C:\Users\Sergey\MAGA\Kimch\НМЦК_сборка\44-фз\Закупка № 0348200077025000009 Обоснование НМЦК.pdf;;567: ия Российской Федерации от 02.10.2013 № 567 «Об  утверждении методических рекоменда;found_any_pdf.csv
0346300130525000003;;;;Закупка № 0346300130525000003 1. Обоснование НМЦК (4).docx;C:\Users\Sergey\MAGA\Kimch\НМЦК_сборка\44-фз\Закупка № 0346300130525000003 1. Обоснование НМЦК (4).docx;;;not_found_any_doc.csv
0358200011325000002;22;567;orders+article;Закупка № 0358200011325000002 Обоснование_НМЦК.docx;C:\Users\Sergey\MAGA\Kimch\НМЦК_сборка\44-фз\Закупка № 0358200011325000002 Обоснование_НМЦК.docx;22:  (ст. 22 ч.1 п. 1 – метод сопоставимых рыночных  | боснована в соответствии с требованиями статьи 22 Закона и приказом Министерства экономич;567: ия Российской Федерации от 02.10.2013 № 567 «Об утверждении методических рекомендац;found_any_doc.csv
0319100001325000037;22;567;orders+article;Закупка № 0319100001325000037 Приложение 1 (Обоснование НМЦК скеги).xlsx;C:\Users\Sergey\MAGA\Kimch\НМЦК_сборка\44-фз\Закупка № 0319100001325000037 Приложение 1 (Обоснование НМЦК скеги).xlsx;22: плением в качестве приоритетного в ч. 6 ст. 22 Федерального закона от 05.04.2013 № 44-;567: ком» (утв. Приказом МЭР от 02.10.2013 № 567). В отношении объекта закупки отсутству;found_any.csv
0118300013325000668;22;567;orders+article;Закупка № 0118300013325000668 Обоснование НМЦК.xls;C:\Users\Sergey\MAGA\Kimch\НМЦК_сборка\44-фз\Закупка № 0118300013325000668 Обоснование НМЦК.xls;22: й) цены контракта в соответствии с ч. 6 ст. 22 Федерального закона от 05.04.2013 № 44- | й) цены контракта в соответствии с ч. 6 ст. 22 Федерального закона от 05.04.2013 № 44-;567: кой Федерации от 2 октября 2013 года  № 567 «Об утверждении методических рекомендац | ской Федерации от 2 октября 2013 года № 567 «Об утверждении методических рекомендац;found_any.csv
0190200000325001423;;;;Закупка № 0190200000325001423 Приложение 2 Обоснование НМЦК.docx.docx;C:\Users\Sergey\MAGA\Kimch\НМЦК_сборка\44-фз\Закупка № 0190200000325001423 Приложение 2 Обоснование НМЦК.docx.docx;;;not_found_any_doc.csv
0119200000125009364;22;;article;Закупка № 0119200000125009364 Обоснование НМЦК.xlsx;C:\Users\Sergey\MAGA\Kimch\НМЦК_сборка\44-фз\Закупка № 0119200000125009364 Обоснование НМЦК.xlsx;22: В соответствии с п. 2 ст. 22 Федерального закона от 05.04.2013 № 44-;;found_any.csv
0301300247625000533;22;567;orders+article;Закупка № 0301300247625000533 ОБОСНОВАНИЕ НАЧАЛЬНОЙ (МАКСИМАЛЬНОЙ) ЦЕНЫ КОНТРАКТА.docx.docx;C:\Users\Sergey\MAGA\Kimch\НМЦК_сборка\44-фз\Закупка № 0301300247625000533 ОБОСНОВАНИЕ НАЧАЛЬНОЙ (МАКСИМАЛЬНОЙ) ЦЕНЫ КОНТРАКТА.docx.docx;22: ом, исполнителем) (в соответствии с п.6 ст.22 44-ФЗ) Расчет выполнен в соответствии с | ом, исполнителем) (в соответствии с п.6 ст.22 44-ФЗ) Расчет выполнен в соответствии с;567: жденными приказом МЭР РФ от 02.10.2013 №567 | жденными приказом МЭР РФ от 02.10.2013 №567;found_any_doc.csv
0301300247625000589;22;567;orders+article;Закупка № 0301300247625000589 ОБОСНОВАНИЕ НАЧАЛЬНОЙ (МАКСИМАЛЬНОЙ) ЦЕНЫ КОНТРАКТА.docx.docx;C:\Users\Sergey\MAGA\Kimch\НМЦК_сборка\44-фз\Закупка № 0301300247625000589 ОБОСНОВАНИЕ НАЧАЛЬНОЙ (МАКСИМАЛЬНОЙ) ЦЕНЫ КОНТРАКТА.docx.docx;22: ом, исполнителем) (в соответствии с п.6 ст.22 44-ФЗ) Расчет выполнен в соответствии с | ом, исполнителем) (в соответствии с п.6 ст.22 44-ФЗ) Расчет выполнен в соответствии с;567: жденными приказом МЭР РФ от 02.10.2013 №567 | жденными приказом МЭР РФ от 02.10.2013 №567;found_any_doc.csv
0301100021425000011;;567;orders;Закупка № 0301100021425000011 Приложение № 1 Обоснование НМЦК (гибкое ограждение Казань).xlsx;C:\Users\Sergey\MAGA\Kimch\НМЦК_сборка\44-фз\Закупка № 0301100021425000011 Приложение № 1 Обоснование НМЦК (гибкое ограждение Казань).xlsx;;"567: инэкономразвития России от 02.10.2013 N 567 ""Об утверждении Методических рекомендац";found_any.csv
0358200020425000001;22;;article;Закупка № 0358200020425000001 ОБОСНОВАНИЕ НМЦК.xls;C:\Users\Sergey\MAGA\Kimch\НМЦК_сборка\44-фз\Закупка № 0358200020425000001 ОБОСНОВАНИЕ НМЦК.xls;22: анализ рынка) в соответствии с частью 2 статьи 22 Федерального закона от 05.04.2013 №44-Ф | ьзуемого метода: в соответствии с ч. 6. ст. 22 Федерального закона от 05.04.2013 №44-Ф;;found_any.csv
0848300057125000063;;567;orders;Закупка № 0848300057125000063 Обоснование НМЦК.pdf;C:\Users\Sergey\MAGA\Kimch\НМЦК_сборка\44-фз\Закупка № 0848300057125000063 Обоснование НМЦК.pdf;;567: ия Российской Федерации от 02.10.2013 № 567 «Об  утверждении методических рекоменда;found_any_pdf.csv
0346300130525000006;;;;Закупка № 0346300130525000006 1. Обоснование НМЦК (8).docx;C:\Users\Sergey\MAGA\Kimch\НМЦК_сборка\44-фз\Закупка № 0346300130525000006 1. Обоснование НМЦК (8).docx;;;not_found_any_doc.csv
0346300130525000005;;;;Закупка № 0346300130525000005 1. Обоснование НМЦК (кадеты).docx;C:\Users\Sergey\MAGA\Kimch\НМЦК_сборка\44-фз\Закупка № 0346300130525000005 1. Обоснование НМЦК (кадеты).docx;;;not_found_any_doc.csv
0373400009625000015;22;;article;Закупка № 0373400009625000015 Приложение № 1 НМЦК+.xlsx;C:\Users\Sergey\MAGA\Kimch\НМЦК_сборка\44-фз\Закупка № 0373400009625000015 Приложение № 1 НМЦК+.xlsx;22: цены контракта методов, указанных в ч.1 ст.22 Федерального закона № 44-ФЗ, заказчиком;;found_any.csv
0131200001025004235;22;567;orders+article;Закупка № 0131200001025004235 Приложение №2 Обоснование НМЦК 4541.xlsx;C:\Users\Sergey\MAGA\Kimch\НМЦК_сборка\44-фз\Закупка № 0131200001025004235 Приложение №2 Обоснование НМЦК 4541.xlsx;22: снование подготовлено в соответствии со статьей 22 Федерального закона от 05.04.2013 № 44-;"567: инэкономразвития России от 02.10.2013 N 567 ""Об утверждении Методических рекомендац |  Российской Федерации от 2.10.2013 г. № 567. Согласно информации полученной из обще";found_any.csv
0325100002425000006;22;567;orders+article;Закупка № 0325100002425000006 Приложение 2 Расчет-обоснование Н(М)ЦК камышекосилка.docx;C:\Users\Sergey\MAGA\Kimch\НМЦК_сборка\44-фз\Закупка № 0325100002425000006 Приложение 2 Расчет-обоснование Н(М)ЦК камышекосилка.docx;22: и обосновывается в соответствии с п.2-5 ст.22 Федерального закона от 05.04.2013 №44-Ф | и обосновывается в соответствии с п.2-5 ст.22 Федерального закона от 05.04.2013 №44-Ф;"567: асно Приказа Минэкономразвития России № 567 от 02.10.2013г. ""Об утверждении Методич | асно Приказа Минэкономразвития России № 567 от 02.10.2013г. ""Об утверждении Методич";found_any_doc.csv
0372200084225000012;22;567;orders+article;Закупка № 0372200084225000012 Приложение_№_2_к_извещению_Обоснование_НМЦК.docx;C:\Users\Sergey\MAGA\Kimch\НМЦК_сборка\44-фз\Закупка № 0372200084225000012 Приложение_№_2_к_извещению_Обоснование_НМЦК.docx;22: за рынка) в соответствии с требованиями статьи 22 Федерального закона от 05.04.2013  № 44;567: ия Российской Федерации от 02.10.2013 № 567 «Об утверждении методических рекомендац | В соответствии с п.3.7 Приказа №567 в целях получения ценовой информации в ;found_any_doc.csv
0372200084225000018;22;567;orders+article;Закупка № 0372200084225000018 Приложение_№_2_к_извещению_Обоснование_НМЦК.docx;C:\Users\Sergey\MAGA\Kimch\НМЦК_сборка\44-фз\Закупка № 0372200084225000018 Приложение_№_2_к_извещению_Обоснование_НМЦК.docx;22: за рынка) в соответствии с требованиями статьи 22 Федерального закона от 05.04.2013  № 44;567: ия Российской Федерации от 02.10.2013 № 567 «Об утверждении методических рекомендац | В соответствии с п.3.7 Приказа №567 в целях получения ценовой информации в ;found_any_doc.csv
0372200141825000042;;567;orders;Закупка № 0372200141825000042 НМЦК2025_-_лодки_для_гребного_слалома.xlsx;C:\Users\Sergey\MAGA\Kimch\НМЦК_сборка\44-фз\Закупка № 0372200141825000042 НМЦК2025_-_лодки_для_гребного_слалома.xlsx;;567: инэкономразвития России от 02.10.2013 N 567 «Об утверждении Методических рекомендац;found_any.csv
0358200054225000004;22;567;orders+article;Закупка № 0358200054225000004 Обоснование НМЦК.xls;C:\Users\Sergey\MAGA\Kimch\НМЦК_сборка\44-фз\Закупка № 0358200054225000004 Обоснование НМЦК.xls;22: ом, исполнителем) (в соответствии с п.6 ст.22 44-ФЗ)  Расчет выполнен в соответствии ;567: жденными приказом МЭР РФ от 02.10.2013 №567;found_any.csv
0131200001025002492;;567;orders;Закупка № 0131200001025002492 Приложение 2-Обоснование  НМЦК-02681.xls;C:\Users\Sergey\MAGA\Kimch\НМЦК_сборка\44-фз\Закупка № 0131200001025002492 Приложение 2-Обоснование  НМЦК-02681.xls;;"567: тия Российской Федерации от 02.10.2013 №567 ""Об утверждении методических рекомендац";found_any.csv
0339300289625000009;;567;orders;Закупка № 0339300289625000009 Обоснование НМЦК.xlsx;C:\Users\Sergey\MAGA\Kimch\НМЦК_сборка\44-фз\Закупка № 0339300289625000009 Обоснование НМЦК.xlsx;;567: Минэкономразвития  РФ от 02.10.2013 г. №567 «Об утверждении методических рекомендац;found_any.csv
0339300289625000010;;567;orders;Закупка № 0339300289625000010 Обоснование НМЦК.xlsx;C:\Users\Sergey\MAGA\Kimch\НМЦК_сборка\44-фз\Закупка № 0339300289625000010 Обоснование НМЦК.xlsx;;567: Минэкономразвития  РФ от 02.10.2013 г. №567 «Об утверждении методических рекомендац;found_any.csv
0346300130525000008;;;;Закупка № 0346300130525000008 1. Обоснование НМЦК (2ка).docx;C:\Users\Sergey\MAGA\Kimch\НМЦК_сборка\44-фз\Закупка № 0346300130525000008 1. Обоснование НМЦК (2ка).docx;;;not_found_any_doc.csv
0816500000625009084;22;;article;Закупка № 0816500000625009084 ОНМЦК.docx;C:\Users\Sergey\MAGA\Kimch\НМЦК_сборка\44-фз\Закупка № 0816500000625009084 ОНМЦК.docx;22: В соответствии с частью 3-5 статьи 22 Федерального закона от 05 апреля 2013 г;;found_any_doc.csv
0153100006325000026;;;;Закупка № 0153100006325000026 расчет  НМЦК (1) (1).xls;C:\Users\Sergey\MAGA\Kimch\НМЦК_сборка\44-фз\Закупка № 0153100006325000026 расчет  НМЦК (1) (1).xls;;;not_found_any.csv
0816500000625009115;22;;article;Закупка № 0816500000625009115 Приложение №2. ОНМЦК.docx;C:\Users\Sergey\MAGA\Kimch\НМЦК_сборка\44-фз\Закупка № 0816500000625009115 Приложение №2. ОНМЦК.docx;22: В соответствии с частью 3-5 статьи 22 Федерального закона от 05 апреля 2013 г;;found_any_doc.csv
0372500009325000025;;567;orders;Закупка № 0372500009325000025 Приложение_№_1_-_Обоснование_НМЦК.xlsx;C:\Users\Sergey\MAGA\Kimch\НМЦК_сборка\44-фз\Закупка № 0372500009325000025 Приложение_№_1_-_Обоснование_НМЦК.xlsx;;"567: ия Российской Федерации от 02.10.2013 № 567 «Об утверждении методических рекомендац | инэкономразвития России от 02.10.2013 N 567 ""Об утверждении Методических рекомендац";found_any.csv
0364300108425000011;;;;Закупка № 0364300108425000011 Обоснование НМЦК понтон.docx;C:\Users\Sergey\MAGA\Kimch\НМЦК_сборка\44-фз\Закупка № 0364300108425000011 Обоснование НМЦК понтон.docx;;;not_found_any_doc.csv
0108500000425000970;22;;article;Закупка № 0108500000425000970 Приложение № 3 Обоснование НМЦК .xlsx;C:\Users\Sergey\MAGA\Kimch\НМЦК_сборка\44-фз\Закупка № 0108500000425000970 Приложение № 3 Обоснование НМЦК .xlsx;22: (Н(М)ЦК) в соответствии с требованиями  ст.22 ФЗ-44 от 05.04.2013 г. на поставку алюм | иза рынка) в соответствии с положениями статьи 22 Закона № 44-ФЗ без учета такой информац;;found_any.csv
0112200000825001574;22;;article;Закупка № 0112200000825001574 Обоснование НМЦК лодка.xlsx;C:\Users\Sergey\MAGA\Kimch\НМЦК_сборка\44-фз\Закупка № 0112200000825001574 Обоснование НМЦК лодка.xlsx;22: н (анализа рынка) В соответствии с ч. 6 ст.22 Федерального закона от 05.04.2013 N 44-;;found_any.csv
0860200000825001048;;567;orders;Закупка № 0860200000825001048 ПРИЛОЖЕНИЕ № 2 Обоснование начальной (максимальной) цены контракта.docx;C:\Users\Sergey\MAGA\Kimch\НМЦК_сборка\44-фз\Закупка № 0860200000825001048 ПРИЛОЖЕНИЕ № 2 Обоснование начальной (максимальной) цены контракта.docx;;567: инэкономразвития России от 02.10.2013 № 567 «Об утверждении Методических рекомендац | инэкономразвития России от 02.10.2013 N 567 *** Среднее значение цен определено по ;found_any_doc.csv
0849400000225000067;34;;article;Закупка № 0849400000225000067 ЦКЕП Понтон.xls;C:\Users\Sergey\MAGA\Kimch\НМЦК_сборка\44-фз\Закупка № 0849400000225000067 ЦКЕП Понтон.xls;34: ного объема средств (результативности) (Ст.34. Бюджетного кодекса РФ от 31.07.1998 № ;;found_any.csv
0339300289625000030;22;567;orders+article;Закупка № 0339300289625000030 2. Обоснование НМЦК закупка дрона.xlsx;C:\Users\Sergey\MAGA\Kimch\НМЦК_сборка\44-фз\Закупка № 0339300289625000030 2. Обоснование НМЦК закупка дрона.xlsx;22: ны контракта осуществлялся на основании статьи 22 Федерального закона от 05.04.2013г. №44;567: инэкономразвития России от 02.10.2013 № 567 «Об утверждении Методических рекомендац;found_any.csv
0358200046825000017;;;;Закупка № 0358200046825000017 Обоснование цены контракта.xlsx;C:\Users\Sergey\MAGA\Kimch\НМЦК_сборка\44-фз\Закупка № 0358200046825000017 Обоснование цены контракта.xlsx;;;not_found_any.csv
0332200039325000001;;;;Закупка № 0332200039325000001 Обоснование НМЦК лодка.PDF;C:\Users\Sergey\MAGA\Kimch\НМЦК_сборка\44-фз\Закупка № 0332200039325000001 Обоснование НМЦК лодка.PDF;;;not_found_any_pdf.csv
0373400006725000026;22;567;orders+article;Закупка № 0373400006725000026 2. Обоснование НМЦК.docx;C:\Users\Sergey\MAGA\Kimch\НМЦК_сборка\44-фз\Закупка № 0373400006725000026 2. Обоснование НМЦК.docx;22: лиза рынка) - в соответствии с частью 6 статьи 22 Федерального закона № 44-ФЗ является пр | В соответствии с частью 20 статьи 22 Федерального закона № 44-ФЗ – на основа;567: инэкономразвития России от 02.10.2013 № 567, (далее – «Методических рекомендаций») ;found_any_doc.csv
0320100003925000004;22;567;orders+article;Закупка № 0320100003925000004 НМЦК_алюминиевая-плоскодонная-моторная-лодка-под-румпельное-управление.docx;C:\Users\Sergey\MAGA\Kimch\НМЦК_сборка\44-фз\Закупка № 0320100003925000004 НМЦК_алюминиевая-плоскодонная-моторная-лодка-под-румпельное-управление.docx;22: ом, исполнителем) (в соответствии с п.6 ст.22 44-ФЗ) Расчет выполнен в соответствии с;567: жденными приказом МЭР РФ от 02.10.2013 №567;found_any_doc.csv
0163200000325001831;;;;Закупка № 0163200000325001831 3Обоснование.xls;C:\Users\Sergey\MAGA\Kimch\НМЦК_сборка\44-фз\Закупка № 0163200000325001831 3Обоснование.xls;;;not_found_any.csv
0162300015625000001;;;;Закупка № 0162300015625000001 1. Обоснование НМЦК.docx;C:\Users\Sergey\MAGA\Kimch\НМЦК_сборка\44-фз\Закупка № 0162300015625000001 1. Обоснование НМЦК.docx;;;not_found_any_doc.csv
0319300003425000027;22;567;orders+article;Закупка № 0319300003425000027 Обоснование НМЦК.doc;C:\Users\Sergey\MAGA\Kimch\НМЦК_сборка\44-фз\Закупка № 0319300003425000027 Обоснование НМЦК.doc;"22: контракта(в соответствии с положениями статьи 22 Федерального закона от 05.04.2013 № 44- | очных цен  в соответствии с положениями статьи 22 Федерального закона от 05.04.2013 № 44-";567: инэкономразвития России от 02.10.2013 № 567 «Об утверждении Методических рекомендац;found_any_doc.csv
0372200141825000044;;567;orders;Закупка № 0372200141825000044 НМЦКбайдарка_К-1_mini.xlsx;C:\Users\Sergey\MAGA\Kimch\НМЦК_сборка\44-фз\Закупка № 0372200141825000044 НМЦКбайдарка_К-1_mini.xlsx;;567: инэкономразвития России от 02.10.2013 N 567 «Об утверждении Методических рекомендац;found_any.csv
0187500000425000064;22;;article;Закупка № 0187500000425000064 РНМЦК.xlsx.xlsx;C:\Users\Sergey\MAGA\Kimch\НМЦК_сборка\44-фз\Закупка № 0187500000425000064 РНМЦК.xlsx.xlsx;22: Иной метод,  в соответствии со статьей 22 Федерального закона от 05.04.2013 № 44-;;found_any.csv
0111200000125000014;;639;orders;Закупка № 0111200000125000014 n796348_ОНМЦК_по_приказу_Минпромторга_РФ_639_N2EbTjg.doc;C:\Users\Sergey\MAGA\Kimch\НМЦК_сборка\44-фз\Закупка № 0111200000125000014 n796348_ОНМЦК_по_приказу_Минпромторга_РФ_639_N2EbTjg.doc;;639: зом Минпромторга России от 28.02.2023 № 639 «Об утверждении Порядка определения нач;found_any_doc.csv
0358200054225000005;22;567;orders+article;Закупка № 0358200054225000005 Обоснование НМЦК.xls;C:\Users\Sergey\MAGA\Kimch\НМЦК_сборка\44-фз\Закупка № 0358200054225000005 Обоснование НМЦК.xls;22: ом, исполнителем) (в соответствии с п.6 ст.22 44-ФЗ)  Расчет выполнен в соответствии ;567: жденными приказом МЭР РФ от 02.10.2013 №567;found_any.csv
0131200001025002707;;567;orders;Закупка № 0131200001025002707 Приложение 2-Обоснование  НМЦК-02805.xls;C:\Users\Sergey\MAGA\Kimch\НМЦК_сборка\44-фз\Закупка № 0131200001025002707 Приложение 2-Обоснование  НМЦК-02805.xls;;"567: тия Российской Федерации от 02.10.2013 №567 ""Об утверждении методических рекомендац";found_any.csv
0848600002725000109;;567;orders;Закупка № 0848600002725000109 Обоснование НМЦК.pdf;C:\Users\Sergey\MAGA\Kimch\НМЦК_сборка\44-фз\Закупка № 0848600002725000109 Обоснование НМЦК.pdf;;567: ия Российской Федерации от 02.10.2013 № 567 «Об  утверждении методических рекоменда;found_any_pdf.csv
0848600002725000100;;567;orders;Закупка № 0848600002725000100 Обоснование НМЦК.pdf;C:\Users\Sergey\MAGA\Kimch\НМЦК_сборка\44-фз\Закупка № 0848600002725000100 Обоснование НМЦК.pdf;;567: ия Российской Федерации от 02.10.2013 № 567 «Об  утверждении методических рекоменда;found_any_pdf.csv
0119200000125011763;22;;article;Закупка № 0119200000125011763 НМЦК Лодка надувная.xlsx;C:\Users\Sergey\MAGA\Kimch\НМЦК_сборка\44-фз\Закупка № 0119200000125011763 НМЦК Лодка надувная.xlsx;22: В соответствии с п. 2 ст. 22 Федерального закона от 05.04.2013 № 44-;;found_any.csv
0123200000325001105;;;;Закупка № 0123200000325001105 Обоснование НМЦК.xls;C:\Users\Sergey\MAGA\Kimch\НМЦК_сборка\44-фз\Закупка № 0123200000325001105 Обоснование НМЦК.xls;;;not_found_any.csv
0372200271025000007;22;567;orders+article;Закупка № 0372200271025000007 Обоснование_НМЦК_каноэ_1.docx;C:\Users\Sergey\MAGA\Kimch\НМЦК_сборка\44-фз\Закупка № 0372200271025000007 Обоснование_НМЦК_каноэ_1.docx;22:  (ст. 22 ч.1 п. 1 – метод сопоставимых рыночных  | боснована в соответствии с требованиями статьи 22 Закона и приказом Министерства экономич;567: ия Российской Федерации от 02.10.2013 № 567 «Об утверждении методических рекомендац;found_any_doc.csv
0372500009325000010;;567;orders;Закупка № 0372500009325000010 НМЦК_111.xlsx;C:\Users\Sergey\MAGA\Kimch\НМЦК_сборка\44-фз\Закупка № 0372500009325000010 НМЦК_111.xlsx;;"567: ия Российской Федерации от 02.10.2013 № 567 «Об утверждении методических рекомендац | инэкономразвития России от 02.10.2013 N 567 ""Об утверждении Методических рекомендац";found_any.csv
0818500000825001773;22;567;orders+article;Закупка № 0818500000825001773 Обоснование НМЦК.xls;C:\Users\Sergey\MAGA\Kimch\НМЦК_сборка\44-фз\Закупка № 0818500000825001773 Обоснование НМЦК.xls;22:  (максимальной) цены контракта: часть 6 ст 22 Федерального закона 44-ФЗ от 5 апреля 2;567: ской Федерации от 2 октября 2013 года № 567 «Об утверждении методических рекомендац;found_any.csv
0169300000325000385;22;567;orders+article;Закупка № 0169300000325000385 Приложение №2_к_извещению_Обоснование_НМЦК.xls;C:\Users\Sergey\MAGA\Kimch\НМЦК_сборка\44-фз\Закупка № 0169300000325000385 Приложение №2_к_извещению_Обоснование_НМЦК.xls;22: шей цене) в соответствии с требованиями статьи 22 закона № 44-ФЗ.   | чета НМЦК в соответствии с требованиями статьи 22 закона № 44-ФЗ. ;"567: инэкономразвития России от 02.10.2013 № 567 "" Об утверждении методических рекоменда | инэкономразвития россии от 02.10.2013 № 567 "" Об утверждении методических рекоменда";found_any.csv
0375100001225000253;;;;Закупка № 0375100001225000253 РНМЦК.xlsx;C:\Users\Sergey\MAGA\Kimch\НМЦК_сборка\44-фз\Закупка № 0375100001225000253 РНМЦК.xlsx;;;not_found_any.csv
0137200001225001431;;;;Закупка № 0137200001225001431 Обоснование НМЦК.docx;C:\Users\Sergey\MAGA\Kimch\НМЦК_сборка\44-фз\Закупка № 0137200001225001431 Обоснование НМЦК.docx;;;not_found_any_doc.csv
0358200054425000002;22;567;orders+article;Закупка № 0358200054425000002 ОБОСНОВАНИЕ НМЦК.docx;C:\Users\Sergey\MAGA\Kimch\НМЦК_сборка\44-фз\Закупка № 0358200054425000002 ОБОСНОВАНИЕ НМЦК.docx;22:           В соответствии с частями 2, 6 статьи 22 Федерального закона от 05.04.2013 № 44-;567: кономразвития России от 02.10.2013 г. № 567 «Об утверждении Методических рекомендац;found_any_doc.csv
0362300376325000008;;567;orders;Закупка № 0362300376325000008 Обоснование НМЦК.xlsx;C:\Users\Sergey\MAGA\Kimch\НМЦК_сборка\44-фз\Закупка № 0362300376325000008 Обоснование НМЦК.xlsx;;"567: инэкономразвития России от 02.10.2013 N 567 ""Об утверждении Методических рекомендац";found_any.csv
0120100008425000038;;;;Закупка № 0120100008425000038 1. НМЦК (Баллоны Лидер 10).xls;C:\Users\Sergey\MAGA\Kimch\НМЦК_сборка\44-фз\Закупка № 0120100008425000038 1. НМЦК (Баллоны Лидер 10).xls;;;not_found_any.csv
0818300019925000161;22;567;orders+article;Закупка № 0818300019925000161 Обоснование начальной (максимальной) цены контракта.xlsx;C:\Users\Sergey\MAGA\Kimch\НМЦК_сборка\44-фз\Закупка № 0818300019925000161 Обоснование начальной (максимальной) цены контракта.xlsx;22: В соответствии со статьей 22 Федерального закона от 05.04.2013 № 44-;567: ской Федерации от 2 октября 2013 года № 567 «Об утверждении методических рекомендац;found_any.csv
0342300062525000001;22;;article;Закупка № 0342300062525000001 НМЦК на поставку каноэ.xls;C:\Users\Sergey\MAGA\Kimch\НМЦК_сборка\44-фз\Закупка № 0342300062525000001 НМЦК на поставку каноэ.xls;22: приоритетный, согласно ч. 6, ст. 22 ФЗ №44-ФЗ;;found_any.csv
0358100009325000006;;567;orders;Закупка № 0358100009325000006 Приложение № 3 к Извещению ОБОСНОВАНИЕ Н(М)ЦК.docx;C:\Users\Sergey\MAGA\Kimch\НМЦК_сборка\44-фз\Закупка № 0358100009325000006 Приложение № 3 к Извещению ОБОСНОВАНИЕ Н(М)ЦК.docx;;"567: инэкономразвития России от 02.10.2013 N 567 ""Об утверждении Методических рекомендац";found_any_doc.csv
0334100004725000002;;;;Закупка № 0334100004725000002 Приложение №1. Обоснование НМЦК (2).xlsx;C:\Users\Sergey\MAGA\Kimch\НМЦК_сборка\44-фз\Закупка № 0334100004725000002 Приложение №1. Обоснование НМЦК (2).xlsx;;;not_found_any.csv
0301200077625000030;;;;Закупка № 0301200077625000030 НМЦК.xlsx.pdf.pdf;C:\Users\Sergey\MAGA\Kimch\НМЦК_сборка\44-фз\Закупка № 0301200077625000030 НМЦК.xlsx.pdf.pdf;;;not_found_any_pdf.csv
0301200077625000032;22;;article;Закупка № 0301200077625000032 НМЦК.zip.xlsx;C:\Users\Sergey\MAGA\Kimch\НМЦК_сборка\44-фз\Закупка № 0301200077625000032 НМЦК.zip.xlsx;22: ыночных цен (анализа рынка) - п. 1 ч. 1 ст. 22, Федерального закона от 05.04.2013 N 44;;found_any.csv
0357300040425000001;22;567;orders+article;Закупка № 0357300040425000001 ОНМЦК лодка.docx;C:\Users\Sergey\MAGA\Kimch\НМЦК_сборка\44-фз\Закупка № 0357300040425000001 ОНМЦК лодка.docx;22: з рынка) – в соответствии с требованием ст. 22 Федерального закона № 44-ФЗ от 05.04.20;567: м Минэкономразвития РФ от 02.10.2013г. №567, и порядком определения начальной (макс;found_any_doc.csv
0171200001925000877;22;;article;Закупка № 0171200001925000877 Обоснование НМЦК.doc.doc;C:\Users\Sergey\MAGA\Kimch\НМЦК_сборка\44-фз\Закупка № 0171200001925000877 Обоснование НМЦК.doc.doc;"22: та осуществлено на основании требований статьи 22 Федерального закона от 05.04.2013 № 44- | от, услуг в соответствии с п. 2-8 ч. 18 ст. 22 Федерального закона 44-ФЗне использов";;found_any_doc.csv
0869200000225003335;22;567;orders+article;Закупка № 0869200000225003335 2685-ЭА Приложение № 2 к извещению (Обоснование нмцк).xlsx;C:\Users\Sergey\MAGA\Kimch\НМЦК_сборка\44-фз\Закупка № 0869200000225003335 2685-ЭА Приложение № 2 к извещению (Обоснование нмцк).xlsx;22:  цен (анализа рынка) в соответствии ч.2 статьи 22 Федерального закона №44-ФЗ и с Приказом;"567: инэкономразвития России от 02.10.2013 N 567 ""Об утверждении Методических рекомендац";found_any.csv
0120100008425000039;;;;Закупка № 0120100008425000039 1. НМЦК (Баллон Стрингер 550).xls;C:\Users\Sergey\MAGA\Kimch\НМЦК_сборка\44-фз\Закупка № 0120100008425000039 1. НМЦК (Баллон Стрингер 550).xls;;;not_found_any.csv
0319300325525000115;;;;Закупка № 0319300325525000115 ОБОСНОВАНИЕ НАЧАЛЬНОЙ.docx;C:\Users\Sergey\MAGA\Kimch\НМЦК_сборка\44-фз\Закупка № 0319300325525000115 ОБОСНОВАНИЕ НАЧАЛЬНОЙ.docx;;;not_found_any_doc.csv
0849400000225000042;34;;article;Закупка № 0849400000225000042 ЦКЕП Понтон.xls;C:\Users\Sergey\MAGA\Kimch\НМЦК_сборка\44-фз\Закупка № 0849400000225000042 ЦКЕП Понтон.xls;34: ного объема средств (результативности) (Ст.34. Бюджетного кодекса РФ от 31.07.1998 № ;;found_any.csv
0849400000225000048;34;;article;Закупка № 0849400000225000048 ЦКЕП Понтон.xls;C:\Users\Sergey\MAGA\Kimch\НМЦК_сборка\44-фз\Закупка № 0849400000225000048 ЦКЕП Понтон.xls;34: ного объема средств (результативности) (Ст.34. Бюджетного кодекса РФ от 31.07.1998 № ;;found_any.csv
0387200021325000007;22;;article;Закупка № 0387200021325000007 расчет НМЦК (6).xls.xls;C:\Users\Sergey\MAGA\Kimch\НМЦК_сборка\44-фз\Закупка № 0387200021325000007 расчет НМЦК (6).xls.xls;22: лиза  рынка)  в соответствии  с  ч.  6  ст.  22  Федерального закона от 05.04.2013 № 44;;found_any.csv
0301200077625000010;22;;article;Закупка № 0301200077625000010 НМЦК.xlsx.xlsx;C:\Users\Sergey\MAGA\Kimch\НМЦК_сборка\44-фз\Закупка № 0301200077625000010 НМЦК.xlsx.xlsx;22: ыночных цен (анализа рынка) - п. 1 ч. 1 ст. 22, Федерального закона от 05.04.2013 N 44;;found_any.csv
0387200010725000002;22;;article;Закупка № 0387200010725000002 РНМЦК наука.xlsx.xlsx;C:\Users\Sergey\MAGA\Kimch\НМЦК_сборка\44-фз\Закупка № 0387200010725000002 РНМЦК наука.xlsx.xlsx;22: ых цен (анализ рынка) в соответствии со статьей 22 Федерального закона от 05.04.2013 № 44-;;found_any.csv
0325100011425000005;;567;orders;Закупка № 0325100011425000005 Обоснование НМЦК.docx;C:\Users\Sergey\MAGA\Kimch\НМЦК_сборка\44-фз\Закупка № 0325100011425000005 Обоснование НМЦК.docx;;567: жденной приказом МЭР РФ от 02.10.2013 № 567 (далее – Методика) с учетом запрошенной;found_any_doc.csv
0162300005325001153;;567;orders;Закупка № 0162300005325001153 Обоснование НМЦК.doc;C:\Users\Sergey\MAGA\Kimch\НМЦК_сборка\44-фз\Закупка № 0162300005325001153 Обоснование НМЦК.doc;;567: ого развития РФ от 02 октября 2013 г.№ 567 «Об утверждении методических рекомендац;found_any_doc.csv
0372100006525000003;;;;Закупка № 0372100006525000003 Обоснование НМЦК.xlsx;C:\Users\Sergey\MAGA\Kimch\НМЦК_сборка\44-фз\Закупка № 0372100006525000003 Обоснование НМЦК.xlsx;;;not_found_any.csv
0318200030225000001;22;567;orders+article;Закупка № 0318200030225000001 Обоснование НМЦК.xlsx;C:\Users\Sergey\MAGA\Kimch\НМЦК_сборка\44-фз\Закупка № 0318200030225000001 Обоснование НМЦК.xlsx;22: сполнителем), в соответствии с частью 6 статьи 22 Федерального закона от 5 апреля 2013 г.;"567: ийской Федерации от 2 октября 2013 г. № 567 ""Об утверждении методических рекомендац";found_any.csv
0320100011025000021;22;567;orders+article;Закупка № 0320100011025000021 Приложение №2 Обоснование НМЦК спасательный плот спускаемого типа.xlsx;C:\Users\Sergey\MAGA\Kimch\НМЦК_сборка\44-фз\Закупка № 0320100011025000021 Приложение №2 Обоснование НМЦК спасательный плот спускаемого типа.xlsx;22: ом, исполнителем) (в соответствии с п.6 ст.22 44-ФЗ) Расчет выполнен в соответствии с;567: жденными приказом МЭР РФ от 02.10.2013 №567;found_any.csv
0865200000325000224;22;;article;Закупка № 0865200000325000224 Обоснование начальной (максимальной) цены контракта.xlsx;C:\Users\Sergey\MAGA\Kimch\НМЦК_сборка\44-фз\Закупка № 0865200000325000224 Обоснование начальной (максимальной) цены контракта.xlsx;22: НМЦК): иной метод в соответствии с ч.12 ст.22 Федерального закона от 05.04.2013 № 44- | тодов определения НМЦК, указанных в ч.1 ст.22 Федерального закона от 05.04.2013 № 44-;;found_any.csv
0152300044225000021;;;;Закупка № 0152300044225000021 Обоснование НМЦК — понтон.docx;C:\Users\Sergey\MAGA\Kimch\НМЦК_сборка\44-фз\Закупка № 0152300044225000021 Обоснование НМЦК — понтон.docx;;;not_found_any_doc.csv
0860200000825000126;;567;orders;Закупка № 0860200000825000126 ПРИЛОЖЕНИЕ № 2 Обоснование начальной (максимальной) цены контракта.docx;C:\Users\Sergey\MAGA\Kimch\НМЦК_сборка\44-фз\Закупка № 0860200000825000126 ПРИЛОЖЕНИЕ № 2 Обоснование начальной (максимальной) цены контракта.docx;;567: инэкономразвития России от 02.10.2013 N 567 «Об утверждении Методических рекомендац | инэкономразвития России от 02.10.2013 № 567.;found_any_doc.csv
0342400001725000002;;;;Закупка № 0342400001725000002 Приложение 1. Обоснование НМЦК.xlsx;C:\Users\Sergey\MAGA\Kimch\НМЦК_сборка\44-фз\Закупка № 0342400001725000002 Приложение 1. Обоснование НМЦК.xlsx;;;not_found_any.csv
0375400000925000037;22;567;orders+article;Закупка № 0375400000925000037 НМЦК_Лодка.xlsx;C:\Users\Sergey\MAGA\Kimch\НМЦК_сборка\44-фз\Закупка № 0375400000925000037 НМЦК_Лодка.xlsx;22: ом, исполнителем) (в соответствии с п.6 ст.22 44-ФЗ) Расчет выполнен в соответствии с;567: жденными приказом МЭР РФ от 02.10.2013 №567;found_any.csv
0375400000925000042;22;567;orders+article;Закупка № 0375400000925000042 НМЦК_Лодка.xlsx;C:\Users\Sergey\MAGA\Kimch\НМЦК_сборка\44-фз\Закупка № 0375400000925000042 НМЦК_Лодка.xlsx;22: ом, исполнителем) (в соответствии с п.6 ст.22 44-ФЗ) Расчет выполнен в соответствии с;567: жденными приказом МЭР РФ от 02.10.2013 №567;found_any.csv
0375400000925000049;22;567;orders+article;Закупка № 0375400000925000049 НМЦК_Лодка.xlsx;C:\Users\Sergey\MAGA\Kimch\НМЦК_сборка\44-фз\Закупка № 0375400000925000049 НМЦК_Лодка.xlsx;22: ом, исполнителем) (в соответствии с п.6 ст.22 44-ФЗ) Расчет выполнен в соответствии с;567: жденными приказом МЭР РФ от 02.10.2013 №567;found_any.csv
0387200011125000011;22;;article;Закупка № 0387200011125000011 НМЦК лодка.xlsx.xlsx;C:\Users\Sergey\MAGA\Kimch\НМЦК_сборка\44-фз\Закупка № 0387200011125000011 НМЦК лодка.xlsx.xlsx;22: ых цен (анализ рынка) в соответствии со статьей 22 Федерального Закона от 05.04.2013 №44-Ф;;found_any.csv
0387200011125000020;22;;article;Закупка № 0387200011125000020 НМЦК лодка.xlsx.xlsx;C:\Users\Sergey\MAGA\Kimch\НМЦК_сборка\44-фз\Закупка № 0387200011125000020 НМЦК лодка.xlsx.xlsx;22: ых цен (анализ рынка) в соответствии со статьей 22 Федерального Закона от 05.04.2013 №44-Ф;;found_any.csv
0387200011125000021;22;;article;Закупка № 0387200011125000021 НМЦК лодка.xlsx.xlsx;C:\Users\Sergey\MAGA\Kimch\НМЦК_сборка\44-фз\Закупка № 0387200011125000021 НМЦК лодка.xlsx.xlsx;22: ых цен (анализ рынка) в соответствии со статьей 22 Федерального Закона от 05.04.2013 №44-Ф;;found_any.csv
0318200048525000017;22;;article;Закупка № 0318200048525000017 Обоснование НМЦК.xls;C:\Users\Sergey\MAGA\Kimch\НМЦК_сборка\44-фз\Закупка № 0318200048525000017 Обоснование НМЦК.xls;22:  (максимальной) цены контракта: часть 6 ст 22 Федерального закона 44-ФЗ от 5 апреля 2;;found_any.csv
0333200014025000033;22;567;orders+article;Закупка № 0333200014025000033 ОНМЦК.doc;C:\Users\Sergey\MAGA\Kimch\НМЦК_сборка\44-фз\Закупка № 0333200014025000033 ОНМЦК.doc;22: ых цен (анализ рынка) в соответствии со ст. 22 Федерального закона, Методическими реко;567: нистерства экономического развития РФ № 567 от 02.10.2013 «Об утверждении методичес;found_any_doc.csv
0372100027325000037;;;;Закупка № 0372100027325000037 НМЦК_Шлюпка ПК_PD-380.doc;C:\Users\Sergey\MAGA\Kimch\НМЦК_сборка\44-фз\Закупка № 0372100027325000037 НМЦК_Шлюпка ПК_PD-380.doc;;;not_found_any_doc.csv
0372100027325000084;;;;Закупка № 0372100027325000084 НМЦК_Шлюпка ПК_PD-380.doc;C:\Users\Sergey\MAGA\Kimch\НМЦК_сборка\44-фз\Закупка № 0372100027325000084 НМЦК_Шлюпка ПК_PD-380.doc;;;not_found_any_doc.csv
0372100027325000135;;;;Закупка № 0372100027325000135 НМЦК_Шлюпка ПК_PD-380.doc;C:\Users\Sergey\MAGA\Kimch\НМЦК_сборка\44-фз\Закупка № 0372100027325000135 НМЦК_Шлюпка ПК_PD-380.doc;;;not_found_any_doc.csv
0372100027325000224;;;;Закупка № 0372100027325000224 НМЦК_Шлюпка ПК_PD-380.doc;C:\Users\Sergey\MAGA\Kimch\НМЦК_сборка\44-фз\Закупка № 0372100027325000224 НМЦК_Шлюпка ПК_PD-380.doc;;;not_found_any_doc.csv
0122300013825000042;;567;orders;Закупка № 0122300013825000042 VI.ОНМЦК.doc;C:\Users\Sergey\MAGA\Kimch\НМЦК_сборка\44-фз\Закупка № 0122300013825000042 VI.ОНМЦК.doc;;"567: инэкономразвития России от 02.10.2013 № 567 (далее – Методические рекомендации). В";found_any_doc.csv
0122300013825000047;;567;orders;Закупка № 0122300013825000047 VI.ОНМЦК.doc;C:\Users\Sergey\MAGA\Kimch\НМЦК_сборка\44-фз\Закупка № 0122300013825000047 VI.ОНМЦК.doc;;"567: инэкономразвития России от 02.10.2013 № 567 (далее – Методические рекомендации). В";found_any_doc.csv
0358200054425000004;22;567;orders+article;Закупка № 0358200054425000004 ОБОСНОВАНИЕ НМЦК.docx;C:\Users\Sergey\MAGA\Kimch\НМЦК_сборка\44-фз\Закупка № 0358200054425000004 ОБОСНОВАНИЕ НМЦК.docx;22:           В соответствии с частями 2, 6 статьи 22 Федерального закона от 05.04.2013 № 44-;567: кономразвития России от 02.10.2013 г. № 567 «Об утверждении Методических рекомендац;found_any_doc.csv
0860200000825001495;;567;orders;Закупка № 0860200000825001495 ПРИЛОЖЕНИЕ № 2 Обоснование начальной (максимальной) цены контракта.docx;C:\Users\Sergey\MAGA\Kimch\НМЦК_сборка\44-фз\Закупка № 0860200000825001495 ПРИЛОЖЕНИЕ № 2 Обоснование начальной (максимальной) цены контракта.docx;;567: инэкономразвития России от 02.10.2013 N 567 «Об утверждении Методических рекомендац;found_any_doc.csv
0869200000225006221;22;567;orders+article;Закупка № 0869200000225006221 4859-ЭА Приложение №2 к извещению (Обоснование НМЦК).xlsx;C:\Users\Sergey\MAGA\Kimch\НМЦК_сборка\44-фз\Закупка № 0869200000225006221 4859-ЭА Приложение №2 к извещению (Обоснование НМЦК).xlsx;22:  цен (анализа рынка) в соответствии ч.2 статьи 22 Федерального закона №44-ФЗ и с Приказом;"567: инэкономразвития России от 02.10.2013 N 567 ""Об утверждении Методических рекомендац";found_any.csv
0190200000325008370;;;;Закупка № 0190200000325008370 Приложение 2 Обоснование НМЦК.docx.docx;C:\Users\Sergey\MAGA\Kimch\НМЦК_сборка\44-фз\Закупка № 0190200000325008370 Приложение 2 Обоснование НМЦК.docx.docx;;;not_found_any_doc.csv
0320100018325000009;;567;orders;Закупка № 0320100018325000009 Обоснование НМЦК_плот.xlsx;C:\Users\Sergey\MAGA\Kimch\НМЦК_сборка\44-фз\Закупка № 0320100018325000009 Обоснование НМЦК_плот.xlsx;;"567: инэкономразвития России от 02.10.2013 N 567 ""Об утверждении Методических рекомендац | зом Минэкономразвития РФ от 02.10.2013 №567 расчет произведен с помощью стандартных";found_any.csv
0373400009625000057;22;567;orders+article;Закупка № 0373400009625000057 Приложение № 1 НМЦК+.xlsx;C:\Users\Sergey\MAGA\Kimch\НМЦК_сборка\44-фз\Закупка № 0373400009625000057 Приложение № 1 НМЦК+.xlsx;22: В соответствии со статьей 22 Федерального закона от 05.04.2013 года ;567: ва экономического развития РФ (Приказ № 567 от 02.10.2013). Обоснование и расчет на;found_any.csv
0138200003725000024;;567;orders;Закупка № 0138200003725000024 ОБОСНОВАНИЕ НМЦК (Приложение № 2).docx;C:\Users\Sergey\MAGA\Kimch\НМЦК_сборка\44-фз\Закупка № 0138200003725000024 ОБОСНОВАНИЕ НМЦК (Приложение № 2).docx;;567: ия Российской Федерации от 02.10.2013 № 567 «Об утверждении методических рекомендац;found_any_doc.csv
0319300325525000165;;;;Закупка № 0319300325525000165 Обоснование НМЦК.docx;C:\Users\Sergey\MAGA\Kimch\НМЦК_сборка\44-фз\Закупка № 0319300325525000165 Обоснование НМЦК.docx;;;not_found_any_doc.csv
0319300325525000249;;;;Закупка № 0319300325525000249 ОБОСНОВАНИЕ НМЦК.docx;C:\Users\Sergey\MAGA\Kimch\НМЦК_сборка\44-фз\Закупка № 0319300325525000249 ОБОСНОВАНИЕ НМЦК.docx;;;not_found_any_doc.csv
0190300000725000419;;;;Закупка № 0190300000725000419 Обоснование НМЦК.docx.docx;C:\Users\Sergey\MAGA\Kimch\НМЦК_сборка\44-фз\Закупка № 0190300000725000419 Обоснование НМЦК.docx.docx;;;not_found_any_doc.csv
0816500000625002427;;567;orders;Закупка № 0816500000625002427 Приложение 2. ОНМЦК.xlsx;C:\Users\Sergey\MAGA\Kimch\НМЦК_сборка\44-фз\Закупка № 0816500000625002427 Приложение 2. ОНМЦК.xlsx;;"567: инэкономразвития России от 02.10.2013 N 567 ""Об утверждении Методических рекомендац | зом Минэкономразвития РФ от 02.10.2013 №567 расчет произведен с помощью стандартных";found_any.csv
0342300194425000013;22;;article;Закупка № 0342300194425000013 ОНМЦК 41 от 28.03.2025 Поставка лодки ПВХ и лодочного двигателя.xlsx;C:\Users\Sergey\MAGA\Kimch\НМЦК_сборка\44-фз\Закупка № 0342300194425000013 ОНМЦК 41 от 28.03.2025 Поставка лодки ПВХ и лодочного двигателя.xlsx;22: Приоритетный (п. 6 ст. 22 ФЗ 44-ФЗ от 05.04.13 г.) ;;found_any.csv
0848300047225000349;;567;orders;Закупка № 0848300047225000349 Обоснование НМЦК.pdf;C:\Users\Sergey\MAGA\Kimch\НМЦК_сборка\44-фз\Закупка № 0848300047225000349 Обоснование НМЦК.pdf;;567: ия Российской Федерации от 02.10.2013 № 567 «Об  утверждении методических рекоменда;found_any_pdf.csv
0845500001025000042;;;;Закупка № 0845500001025000042 Приложение №2 к извещению НМЦК.xlsx;C:\Users\Sergey\MAGA\Kimch\НМЦК_сборка\44-фз\Закупка № 0845500001025000042 Приложение №2 к извещению НМЦК.xlsx;;;not_found_any.csv
0166300024725000424;;;;Закупка № 0166300024725000424 НМЦК.doc;C:\Users\Sergey\MAGA\Kimch\НМЦК_сборка\44-фз\Закупка № 0166300024725000424 НМЦК.doc;;;not_found_any_doc.csv
0319100038625000015;;567;orders;Закупка № 0319100038625000015 Приложение 2. Обоснование НМЦК плот.docx;C:\Users\Sergey\MAGA\Kimch\НМЦК_сборка\44-фз\Закупка № 0319100038625000015 Приложение 2. Обоснование НМЦК плот.docx;;567: кого развития РФ от 2 октября 2013 г. № 567.;found_any_doc.csv
0338100004625000034;22;;article;Закупка № 0338100004625000034 Приложение II Обоснование НМЦК.doc;C:\Users\Sergey\MAGA\Kimch\НМЦК_сборка\44-фз\Закупка № 0338100004625000034 Приложение II Обоснование НМЦК.doc;22: ован иной метод. В соответствии с ч. 12 ст. 22 Федерального закона от 05.04.2013 г. №  | доступной информации, указанной в ч. 18 ст. 22 Закона № 44–ФЗ, о ценах на товары, кото;;found_any_doc.csv
0342300194425000014;22;;article;Закупка № 0342300194425000014 ОНМЦК 40 от 27.03.2025 оборудование для пляжей.xlsx;C:\Users\Sergey\MAGA\Kimch\НМЦК_сборка\44-фз\Закупка № 0342300194425000014 ОНМЦК 40 от 27.03.2025 оборудование для пляжей.xlsx;22: Приоритетный (п. 6 ст. 22 ФЗ 44-ФЗ от 05.04.13 г.) ;;found_any.csv
0130600040525000046;22;;article;Закупка № 0130600040525000046 НМЦК плотомои.docx;C:\Users\Sergey\MAGA\Kimch\НМЦК_сборка\44-фз\Закупка № 0130600040525000046 НМЦК плотомои.docx;22: ванием: проектно-сметный метод, п.4 ч.1 ст.22 Федерального закона от 05.04.2013 № 44-;;found_any_doc.csv
0360300052825000349;22;567;orders+article;Закупка № 0360300052825000349 Обоснование НМЦК .docx;C:\Users\Sergey\MAGA\Kimch\НМЦК_сборка\44-фз\Закупка № 0360300052825000349 Обоснование НМЦК .docx;22: пределена в соответствии с требованиями статьи 22 Закона № 44-ФЗ от 05.04.2013, Методичес | пределена в соответствии с требованиями статьи 22 Закона № 44-ФЗ от 05.04.2013, Методичес;567: инэкономразвития России от 02.10.2013 N 567 и рассчитывается на основе коммерческих | инэкономразвития России от 02.10.2013 N 567 и рассчитывается на основе коммерческих;found_any_doc.csv
0351300298325000110;;;;Закупка № 0351300298325000110 НМЦК расчет 2025.xlsx;C:\Users\Sergey\MAGA\Kimch\НМЦК_сборка\44-фз\Закупка № 0351300298325000110 НМЦК расчет 2025.xlsx;;;not_found_any.csv
0351300298325000146;;;;Закупка № 0351300298325000146 НМЦК расчет 2025.xlsx;C:\Users\Sergey\MAGA\Kimch\НМЦК_сборка\44-фз\Закупка № 0351300298325000146 НМЦК расчет 2025.xlsx;;;not_found_any.csv
0318300165725000286;22;;article;Закупка № 0318300165725000286 Обоснование НМЦК.docx;C:\Users\Sergey\MAGA\Kimch\НМЦК_сборка\44-фз\Закупка № 0318300165725000286 Обоснование НМЦК.docx;22: ставимых рыночных цен (анализа рынка) - ст. 22, Федерального закона от 05.04.2013 N 44;;found_any_doc.csv
0318300165725000399;22;;article;Закупка № 0318300165725000399 Обоснование НМЦК (14).docx;C:\Users\Sergey\MAGA\Kimch\НМЦК_сборка\44-фз\Закупка № 0318300165725000399 Обоснование НМЦК (14).docx;22: ставимых рыночных цен (анализа рынка) - ст. 22, Федерального закона от 05.04.2013 N 44;;found_any_doc.csv
0333400000325000026;22;567;orders+article;Закупка № 0333400000325000026 Приложение № 2 Расчет НМЦК.xlsx;C:\Users\Sergey\MAGA\Kimch\НМЦК_сборка\44-фз\Закупка № 0333400000325000026 Приложение № 2 Расчет НМЦК.xlsx;22: В соответствии со статьей 22 Федерального закона от 05.04.2013 года ;567: ва экономического развития РФ (Приказ № 567 от 02.10.2013). Обоснование и расчет на;found_any.csv
0351400002125000056;22|34;;article;Закупка № 0351400002125000056 Обоснование невозможности.docx;C:\Users\Sergey\MAGA\Kimch\НМЦК_сборка\44-фз\Закупка № 0351400002125000056 Обоснование невозможности.docx;22: в определения НМЦК, указанных в части 1 статьи 22 Закона № 44-ФЗ | ем: - иной метод определения НМЦК (ч.12 ст. 22 Закона№ 44-ФЗ) на основании 1 коммерчес || 34: лей учреждения и руководствуясь ст. 28, ст. 34 БК РФ НМЦК определена как наименьшая  и;;found_any_doc.csv
0372100054725000035;22;567;orders+article;Закупка № 0372100054725000035 НМЦК Лодка.docx;C:\Users\Sergey\MAGA\Kimch\НМЦК_сборка\44-фз\Закупка № 0372100054725000035 НМЦК Лодка.docx;22: ставимых рыночных цен в соответствии со ст.22 44-ФЗ;567: Минэкономразвития России от 02.10.2013 №567 (см ниже). | Минэкономразвития России от 02.10.2013 №567 по методу сопоставимых рыночных цен (ан;found_any_doc.csv
0372200045925000005;;;;Закупка № 0372200045925000005 Обоснование_НМЦК[21].docx;C:\Users\Sergey\MAGA\Kimch\НМЦК_сборка\44-фз\Закупка № 0372200045925000005 Обоснование_НМЦК[21].docx;;;not_found_any_doc.csv
0891200000625002178;22;;article;Закупка № 0891200000625002178 Обоснование НМЦК.xlsx;C:\Users\Sergey\MAGA\Kimch\НМЦК_сборка\44-фз\Закупка № 0891200000625002178 Обоснование НМЦК.xlsx;22: 1. В соответствии с требованиями статьи 22 Федерального закона от 05.04.2013 №44-Ф;;found_any.csv
0387200015025000012;22;567;orders+article;Закупка № 0387200015025000012 Обоснование НМЦК.docx.docx;C:\Users\Sergey\MAGA\Kimch\НМЦК_сборка\44-фз\Закупка № 0387200015025000012 Обоснование НМЦК.docx.docx;22: ом, исполнителем) (в соответствии с п.6 ст.22 44-ФЗ) Расчет выполнен в соответствии с;567: жденными приказом МЭР РФ от 02.10.2013 №567;found_any_doc.csv
0162300009425000008;;;;Закупка № 0162300009425000008 Обоснование НМЦК.docx;C:\Users\Sergey\MAGA\Kimch\НМЦК_сборка\44-фз\Закупка № 0162300009425000008 Обоснование НМЦК.docx;;;not_found_any_doc.csv
0187300006525000647;;567;orders;Закупка № 0187300006525000647 Приложение 2 НМЦК - 2025-04-30T110929.463.xlsx;C:\Users\Sergey\MAGA\Kimch\НМЦК_сборка\44-фз\Закупка № 0187300006525000647 Приложение 2 НМЦК - 2025-04-30T110929.463.xlsx;;567: инэкономразвития России от 02.10.2013 № 567). Начальная максимальная цена контракта;found_any.csv
0187300006525000777;;567;orders;Закупка № 0187300006525000777 Приложение 2 НМЦК - 2025-04-30T110929.463.xlsx;C:\Users\Sergey\MAGA\Kimch\НМЦК_сборка\44-фз\Закупка № 0187300006525000777 Приложение 2 НМЦК - 2025-04-30T110929.463.xlsx;;567: инэкономразвития России от 02.10.2013 № 567). Начальная максимальная цена контракта;found_any.csv
0324400000825000003;22;567;orders+article;Закупка № 0324400000825000003 Приложение № 1 Обоснование начальной (максимальной) цены контракта.xlsx;C:\Users\Sergey\MAGA\Kimch\НМЦК_сборка\44-фз\Закупка № 0324400000825000003 Приложение № 1 Обоснование начальной (максимальной) цены контракта.xlsx;22: В соответствии со статьей 22 Федерального закона от 05.04.2013 года ;567: ва экономического развития РФ (Приказ № 567 от 02.10.2013). Обоснование и расчет на;found_any.csv
0169300028125000166;;567;orders;Закупка № 0169300028125000166 Обоснование Н(М)ЦК - ПО_КСЭОН (1) (2).xlsx;C:\Users\Sergey\MAGA\Kimch\НМЦК_сборка\44-фз\Закупка № 0169300028125000166 Обоснование Н(М)ЦК - ПО_КСЭОН (1) (2).xlsx;;"567: Минэкономразвития России от 02.10.2013 №567 ""Об утверждении Методических рекомендац";found_any.csv
0322100014325000007;22;;article;Закупка № 0322100014325000007 Прил1 Обоснование НМЦК.doc;C:\Users\Sergey\MAGA\Kimch\НМЦК_сборка\44-фз\Закупка № 0322100014325000007 Прил1 Обоснование НМЦК.doc;22: ределена и обоснована в соответствие со статьёй 22 Федерального закона от 05 апреля 2013г. | определения и обоснования НМЦК (часть 6 статьи 22 № 44-ФЗ). В целях получения ценовой инф;;found_any_doc.csv
0301100000425000048;;567;orders;Закупка № 0301100000425000048 Обоснование НМЦК.docx;C:\Users\Sergey\MAGA\Kimch\НМЦК_сборка\44-фз\Закупка № 0301100000425000048 Обоснование НМЦК.docx;;567: инэкономразвития России от 02.10.2013 N 567 «Об утверждении Методических рекомендац | инэкономразвития России от 02.10.2013 N 567 «Об утверждении Методических рекомендац;found_any_doc.csv
0361300021425000007;;;;Закупка № 0361300021425000007 Обоснование НМЦК (анализ рынка).xlsx;C:\Users\Sergey\MAGA\Kimch\НМЦК_сборка\44-фз\Закупка № 0361300021425000007 Обоснование НМЦК (анализ рынка).xlsx;;;not_found_any.csv
0119300000125000240;;;;Закупка № 0119300000125000240 Обоснование НМЦК.xls;C:\Users\Sergey\MAGA\Kimch\НМЦК_сборка\44-фз\Закупка № 0119300000125000240 Обоснование НМЦК.xls;;;not_found_any.csv
0142300006225000066;22;;article;Закупка № 0142300006225000066 Обоснование НМЦК(1).xlsx;C:\Users\Sergey\MAGA\Kimch\НМЦК_сборка\44-фз\Закупка № 0142300006225000066 Обоснование НМЦК(1).xlsx;22: анализ рынка) в соответствии с частью 6 статьи 22 Федерального закона от 05.04.2013 № 44-;;found_any.csv
0142300006225000072;22;;article;Закупка № 0142300006225000072 Обоснование НМЦК(1).xlsx;C:\Users\Sergey\MAGA\Kimch\НМЦК_сборка\44-фз\Закупка № 0142300006225000072 Обоснование НМЦК(1).xlsx;22: анализ рынка) в соответствии с частью 6 статьи 22 Федерального закона от 05.04.2013 № 44-;;found_any.csv
0142300006225000081;22;;article;Закупка № 0142300006225000081 Обоснование НМЦК.xlsx;C:\Users\Sergey\MAGA\Kimch\НМЦК_сборка\44-фз\Закупка № 0142300006225000081 Обоснование НМЦК.xlsx;22: анализ рынка) в соответствии с частью 6 статьи 22 Федерального закона от 05.04.2013 № 44-;;found_any.csv
0356300207625000004;22;567;orders+article;Закупка № 0356300207625000004 Обоснование нмц.xlsx;C:\Users\Sergey\MAGA\Kimch\НМЦК_сборка\44-фз\Закупка № 0356300207625000004 Обоснование нмц.xlsx;22: рующий рынок, в соответствии с частью 6 статьи 22 Федерального закона от 5 апреля 2013 г.;567: ийской Федерации от 2 октября 2013 г. № 567.;found_any.csv
0329200062225003939;;;;Закупка № 0329200062225003939 Обоснование НМЦК.pdf;C:\Users\Sergey\MAGA\Kimch\НМЦК_сборка\44-фз\Закупка № 0329200062225003939 Обоснование НМЦК.pdf;;;not_found_any_pdf.csv
0321100017225000063;;;;Закупка № 0321100017225000063 Приложение 2. Обоснование НМЦК.pdf;C:\Users\Sergey\MAGA\Kimch\НМЦК_сборка\44-фз\Закупка № 0321100017225000063 Приложение 2. Обоснование НМЦК.pdf;;;not_found_any_pdf.csv
0348100011225000015;;;;Закупка № 0348100011225000015 НМЦК.pdf;C:\Users\Sergey\MAGA\Kimch\НМЦК_сборка\44-фз\Закупка № 0348100011225000015 НМЦК.pdf;;;not_found_any_pdf.csv
0373400006725000044;22;567;orders+article;Закупка № 0373400006725000044 2. Обоснование НМЦК.docx;C:\Users\Sergey\MAGA\Kimch\НМЦК_сборка\44-фз\Закупка № 0373400006725000044 2. Обоснование НМЦК.docx;22: лиза рынка) - в соответствии с частью 6 статьи 22 Федерального закона № 44-ФЗ является пр | В соответствии с частью 20 статьи 22 Федерального закона № 44-ФЗ – на основа;567: инэкономразвития России от 02.10.2013 № 567, (далее – «Методических рекомендаций») ;found_any_doc.csv
0136500001125002285;;;;Закупка № 0136500001125002285 3. обоснование НМЦК.xlsx;C:\Users\Sergey\MAGA\Kimch\НМЦК_сборка\44-фз\Закупка № 0136500001125002285 3. обоснование НМЦК.xlsx;;;not_found_any.csv
0301100000425000045;;567;orders;Закупка № 0301100000425000045 Обоснование НМЦК.docx;C:\Users\Sergey\MAGA\Kimch\НМЦК_сборка\44-фз\Закупка № 0301100000425000045 Обоснование НМЦК.docx;;567: инэкономразвития России от 02.10.2013 N 567 «Об утверждении Методических рекомендац | инэкономразвития России от 02.10.2013 N 567 «Об утверждении Методических рекомендац;found_any_doc.csv
0333400000325000005;22;567;orders+article;Закупка № 0333400000325000005 Приложение №2 Расчет НМЦК_мониторинг.xlsx;C:\Users\Sergey\MAGA\Kimch\НМЦК_сборка\44-фз\Закупка № 0333400000325000005 Приложение №2 Расчет НМЦК_мониторинг.xlsx;22: В соответствии со статьей 22 Федерального закона от 05.04.2013 года ;567: ва экономического развития РФ (Приказ № 567 от 02.10.2013). Обоснование и расчет на;found_any.csv
0320100011225000138;;;;Закупка № 0320100011225000138 I. Обоснование НМЦК.xlsx;C:\Users\Sergey\MAGA\Kimch\НМЦК_сборка\44-фз\Закупка № 0320100011225000138 I. Обоснование НМЦК.xlsx;;;not_found_any.csv
0119200000125006292;22;;article;Закупка № 0119200000125006292 НМЦК (приложение 2).xlsx;C:\Users\Sergey\MAGA\Kimch\НМЦК_сборка\44-фз\Закупка № 0119200000125006292 НМЦК (приложение 2).xlsx;22: В соответствии с ч. 2 ст. 22 Федерального закона от 05.04.2013 № 44-;;found_any.csv
0174500001125003857;22;567;orders+article;Закупка № 0174500001125003857 07.07 НМЦК лодкка.xlsx;C:\Users\Sergey\MAGA\Kimch\НМЦК_сборка\44-фз\Закупка № 0174500001125003857 07.07 НМЦК лодкка.xlsx;22: ен (анализа рынка) В соответствии с ч.6 статьи 22 Федерального закона от 05.04.2013 N 44-;567: кого развития РФ от 2 октября 2013 г. № 567 «Об утверждении Методических рекомендац;found_any.csv
0338100004825000014;22;;article;Закупка № 0338100004825000014 Обоснованию НМЦК.xlsx;C:\Users\Sergey\MAGA\Kimch\НМЦК_сборка\44-фз\Закупка № 0338100004825000014 Обоснованию НМЦК.xlsx;22: В соответствии с ч.6 статьи 22 Федерального закона от 05.04.2013 N 44-;;found_any.csv
0153300007625000035;22;567;orders+article;Закупка № 0153300007625000035 НМЦК_Приобретение-лодки-для-ЕДДС-Бузулукского-района.xlsx;C:\Users\Sergey\MAGA\Kimch\НМЦК_сборка\44-фз\Закупка № 0153300007625000035 НМЦК_Приобретение-лодки-для-ЕДДС-Бузулукского-района.xlsx;22: ом, исполнителем) (в соответствии с п.6 ст.22 44-ФЗ) Расчет выполнен в соответствии с;567: жденными приказом МЭР РФ от 02.10.2013 №567;found_any.csv
0164300016525000428;;;;Закупка № 0164300016525000428 Приложение №1 Обоснование начальной (максимальной) цены контракта.docx;C:\Users\Sergey\MAGA\Kimch\НМЦК_сборка\44-фз\Закупка № 0164300016525000428 Приложение №1 Обоснование начальной (максимальной) цены контракта.docx;;;not_found_any_doc.csv
0375400000925000014;22;567;orders+article;Закупка № 0375400000925000014 НМЦК.xlsx;C:\Users\Sergey\MAGA\Kimch\НМЦК_сборка\44-фз\Закупка № 0375400000925000014 НМЦК.xlsx;22: ом, исполнителем) (в соответствии с п.6 ст.22 44-ФЗ) Расчет выполнен в соответствии с;567: жденными приказом МЭР РФ от 02.10.2013 №567;found_any.csv
0372100054625000335;22;567;orders+article;Закупка № 0372100054625000335 Обоснование НМЦК лодка.docx;C:\Users\Sergey\MAGA\Kimch\НМЦК_сборка\44-фз\Закупка № 0372100054625000335 Обоснование НМЦК лодка.docx;22: ализа рынка) (в соответствии с частью 6 статьи 22 Федерального закона № 44-ФЗ метод сопос | Расчет НМЦК (в соответствии с частью 20 статьи 22 Федерального закона № 44-ФЗ – на основа;567: инэкономразвития России от 02.10.2013 № 567, (далее – «Методических рекомендаций»)) | инэкономразвития России от 02.10.2013 № 567, (далее – «Методических рекомендаций»));found_any_doc.csv
0329400001725000037;22;567;orders+article;Закупка № 0329400001725000037 Приложение 2 Обоснование НМЦК.xlsx;C:\Users\Sergey\MAGA\Kimch\НМЦК_сборка\44-фз\Закупка № 0329400001725000037 Приложение 2 Обоснование НМЦК.xlsx;22: В соответствии со статьей 22 Федерального закона от 05.04.2013 года ;567: ва экономического развития РФ (Приказ № 567 от 02.10.2013). Обоснование и расчет на;found_any.csv
0815500000525004542;22;567;orders+article;Закупка № 0815500000525004542 Приложение 2 Обоснование НМЦК.xls;C:\Users\Sergey\MAGA\Kimch\НМЦК_сборка\44-фз\Закупка № 0815500000525004542 Приложение 2 Обоснование НМЦК.xls;22: бран (для расчета) в соответствии с п.6 ст.22 Федерального закона от 5 апреля 2013 го;"567: инэкономразвития России от 02.10.2013 N 567 ""Об утверждении Методических рекомендац | зом Минэкономразвития РФ от 02.10.2013 №567 расчет произведен с помощью стандартных";found_any.csv
0166300024725000297;;;;Закупка № 0166300024725000297 ОНМЦК.docx;C:\Users\Sergey\MAGA\Kimch\НМЦК_сборка\44-фз\Закупка № 0166300024725000297 ОНМЦК.docx;;;not_found_any_doc.csv
0190200000325006095;;;;Закупка № 0190200000325006095 Приложение 2 Обоснование НМЦК.docx.docx;C:\Users\Sergey\MAGA\Kimch\НМЦК_сборка\44-фз\Закупка № 0190200000325006095 Приложение 2 Обоснование НМЦК.docx.docx;;;not_found_any_doc.csv
0190200000325007779;;;;Закупка № 0190200000325007779 Приложение 2 Обоснование НМЦК.docx.docx;C:\Users\Sergey\MAGA\Kimch\НМЦК_сборка\44-фз\Закупка № 0190200000325007779 Приложение 2 Обоснование НМЦК.docx.docx;;;not_found_any_doc.csv
0322400004025000005;;567;orders;Закупка № 0322400004025000005 VI. ОБОСНОВАНИЕ НМЦК.doc;C:\Users\Sergey\MAGA\Kimch\НМЦК_сборка\44-фз\Закупка № 0322400004025000005 VI. ОБОСНОВАНИЕ НМЦК.doc;;"567: инэкономразвития России от 02.10.2013 № 567.В целях получения ценовой информации З";found_any_doc.csv
0318300119425000468;;567;orders;Закупка № 0318300119425000468 НМЦК.xlsx;C:\Users\Sergey\MAGA\Kimch\НМЦК_сборка\44-фз\Закупка № 0318300119425000468 НМЦК.xlsx;;"567: ического развития Российской Федерации №567 от 02.10.2013 ""Об утверждении методичес";found_any.csv
0338100004825000016;22;;article;Закупка № 0338100004825000016 Обоснованию НМЦК.xlsx;C:\Users\Sergey\MAGA\Kimch\НМЦК_сборка\44-фз\Закупка № 0338100004825000016 Обоснованию НМЦК.xlsx;22: В соответствии с ч.6 статьи 22 Федерального закона от 05.04.2013 N 44-;;found_any.csv
0136500001125002947;;;;Закупка № 0136500001125002947 3. обоснование НМЦК.xlsx;C:\Users\Sergey\MAGA\Kimch\НМЦК_сборка\44-фз\Закупка № 0136500001125002947 3. обоснование НМЦК.xlsx;;;not_found_any.csv
0354200017425000003;22;567;orders+article;Закупка № 0354200017425000003 НМЦК лодка.xlsx;C:\Users\Sergey\MAGA\Kimch\НМЦК_сборка\44-фз\Закупка № 0354200017425000003 НМЦК лодка.xlsx;22: нением методов предусмотренных частью 1 статьи 22 Федерального закона от 5 апреля 2013 го;"567: кого развития РФ от 2 октября 2013 г. N 567 ""Об утверждении Методических рекомендац | ядчиком, исполнителем)"" (Далее Приказ № 567).  ";found_any.csv
0187300006525000385;;567;orders;Закупка № 0187300006525000385 Приложение 2. НМЦК надувная лодка.xls;C:\Users\Sergey\MAGA\Kimch\НМЦК_сборка\44-фз\Закупка № 0187300006525000385 Приложение 2. НМЦК надувная лодка.xls;;567: инэкономразвития России от 02.10.2013 N 567), так как указанный метод является прио;found_any.csv
0319300008025000007;22;567;orders+article;Закупка № 0319300008025000007 НМЦК Лодка гребная.docx;C:\Users\Sergey\MAGA\Kimch\НМЦК_сборка\44-фз\Закупка № 0319300008025000007 НМЦК Лодка гребная.docx;22: ом, исполнителем) (в соответствии с п.6 ст.22 44-ФЗ) Расчет выполнен в соответствии с;567: жденными приказом МЭР РФ от 02.10.2013 №567;found_any_doc.csv
0354200017425000001;22|34;567;orders+article;Закупка № 0354200017425000001 НМЦК лодка.xlsx;C:\Users\Sergey\MAGA\Kimch\НМЦК_сборка\44-фз\Закупка № 0354200017425000001 НМЦК лодка.xlsx;22: нением методов предусмотренных частью 1 статьи 22 Федерального закона от 5 апреля 2013 го || 34: С учетом положений ст. 34 БК РФ, регламентирующей принцип эффекти;"567: кого развития РФ от 2 октября 2013 г. N 567 ""Об утверждении Методических рекомендац | ядчиком, исполнителем)"" (Далее Приказ № 567).  ";found_any.csv
0838200000225000010;;;;Закупка № 0838200000225000010 Приложение к извещению № 2 Расчет НМЦК.doc;C:\Users\Sergey\MAGA\Kimch\НМЦК_сборка\44-фз\Закупка № 0838200000225000010 Приложение к извещению № 2 Расчет НМЦК.doc;;;not_found_any_doc.csv
0187500000425000065;22;;article;Закупка № 0187500000425000065 Расчет_НМЦК - Поставка лодки.xlsx.xlsx;C:\Users\Sergey\MAGA\Kimch\НМЦК_сборка\44-фз\Закупка № 0187500000425000065 Расчет_НМЦК - Поставка лодки.xlsx.xlsx;22: х цен (анализ рынка)  в соответствии со статьей 22 Федерального закона от 05.04.2013 № 44-;;found_any.csv
0320100018725000190;22|34;567;orders+article;Закупка № 0320100018725000190 Расчет НМЦК.xls;C:\Users\Sergey\MAGA\Kimch\НМЦК_сборка\44-фз\Закупка № 0320100018725000190 Расчет НМЦК.xls;22: лее - НМЦК) проведено в соответствии со ст.22 Федерального закона от 05.04.2013 № 44- || 34: ого использования средств университета (ст. 34 Бюджетного кодекса РФ), Заказчик принял;"567: инэкономразвития России от 02.10.2013 № 567 ""Об утверждении Методических рекомендац";found_any.csv
0107300010225000041;22;;article;Закупка № 0107300010225000041 ПРИЛОЖЕНИЕ № 1 - Обоснование НМЦК (1) — копия — копия.docx;C:\Users\Sergey\MAGA\Kimch\НМЦК_сборка\44-фз\Закупка № 0107300010225000041 ПРИЛОЖЕНИЕ № 1 - Обоснование НМЦК (1) — копия — копия.docx;22: В соответствии с ч.1 ст.22 Федерального закона от 05.04.2013 № 44-;;found_any_doc.csv
0356500001425003294;22;567;orders+article;Закупка № 0356500001425003294 Обоснование нмц.xlsx;C:\Users\Sergey\MAGA\Kimch\НМЦК_сборка\44-фз\Закупка № 0356500001425003294 Обоснование нмц.xlsx;22: рующий рынок, в соответствии с частью 6 статьи 22 Федерального закона от 5 апреля 2013 г.;567: ийской Федерации от 2 октября 2013 г. № 567.;found_any.csv
0353300009925000013;;567;orders;Закупка № 0353300009925000013 2 нмцк.xls;C:\Users\Sergey\MAGA\Kimch\НМЦК_сборка\44-фз\Закупка № 0353300009925000013 2 нмцк.xls;;"567: нэкономразвития России от 02.10.2013 N  567 ""Об утверждении Методических рекомендац | ом Минэкономразвития РФ от 02.10.2013 № 567 расчет произведен с помощью стандартных";found_any.csv
0372100054625000371;22;567;orders+article;Закупка № 0372100054625000371 Обоснование НМЦК2024.xlsx;C:\Users\Sergey\MAGA\Kimch\НМЦК_сборка\44-фз\Закупка № 0372100054625000371 Обоснование НМЦК2024.xlsx;22: (в соответствии с частью 6 статьи 22 Федерального закона № 44-ФЗ метод сопос | Расчет НМЦК (в соответствии с частью 20 статьи 22 Федерального закона № 44-ФЗ – на основа;567: инэкономразвития России от 02.10.2013 № 567, (далее – «Методических рекомендаций»));found_any.csv
0130600040525000061;22;;article;Закупка № 0130600040525000061 Обоснование НМЦК (15).docx;C:\Users\Sergey\MAGA\Kimch\НМЦК_сборка\44-фз\Закупка № 0130600040525000061 Обоснование НМЦК (15).docx;22: сметный метод. В соответствии с ч. 9.1. ст. 22 Федерального закона от 05.04.2013 № 44-;;found_any_doc.csv
0848300049025000250;;567;orders;Закупка № 0848300049025000250 Обоснование НМЦК.pdf;C:\Users\Sergey\MAGA\Kimch\НМЦК_сборка\44-фз\Закупка № 0848300049025000250 Обоснование НМЦК.pdf;;567: ия Российской Федерации от 02.10.2013 № 567 «Об  утверждении методических рекоменда;found_any_pdf.csv
0319300325525000089;;;;Закупка № 0319300325525000089 Обоснование НМЦК.docx;C:\Users\Sergey\MAGA\Kimch\НМЦК_сборка\44-фз\Закупка № 0319300325525000089 Обоснование НМЦК.docx;;;not_found_any_doc.csv
0124200000625000279;22;567;orders+article;Закупка № 0124200000625000279 Лодка Обоснование НМЦК 2.docx;C:\Users\Sergey\MAGA\Kimch\НМЦК_сборка\44-фз\Закупка № 0124200000625000279 Лодка Обоснование НМЦК 2.docx;22: оставлено в соответствии с требованиями статьи 22 Федерального закона от 05 апреля 2013 г;567: кой Федерации от 02 октября 2013 года № 567 «Об утверждении Методических рекомендац;found_any_doc.csv
0373400009625000118;22;567;orders+article;Закупка № 0373400009625000118 Приложение № 1 НМЦК.xlsx;C:\Users\Sergey\MAGA\Kimch\НМЦК_сборка\44-фз\Закупка № 0373400009625000118 Приложение № 1 НМЦК.xlsx;22: В соответствии со статьей 22 Федерального закона от 05.04.2013 года ;567: ва экономического развития РФ (Приказ № 567 от 02.10.2013). Обоснование и расчет на;found_any.csv
0373400009625000150;22;567;orders+article;Закупка № 0373400009625000150 Приложение № 1 НМЦК.xlsx;C:\Users\Sergey\MAGA\Kimch\НМЦК_сборка\44-фз\Закупка № 0373400009625000150 Приложение № 1 НМЦК.xlsx;22: В соответствии со статьей 22 Федерального закона от 05.04.2013 года ;567: ва экономического развития РФ (Приказ № 567 от 02.10.2013). Обоснование и расчет на;found_any.csv
0163600007425000012;22;567;orders+article;Закупка № 0163600007425000012 НМЦК 2.xlsx;C:\Users\Sergey\MAGA\Kimch\НМЦК_сборка\44-фз\Закупка № 0163600007425000012 НМЦК 2.xlsx;22: ом, исполнителем) (в соответствии с п.6 ст.22 44-ФЗ) Расчет выполнен в соответствии с;567: жденными приказом МЭР РФ от 02.10.2013 №567;found_any.csv
0375200056725000018;;;;Закупка № 0375200056725000018 НМЦК.xls;C:\Users\Sergey\MAGA\Kimch\НМЦК_сборка\44-фз\Закупка № 0375200056725000018 НМЦК.xls;;;not_found_any.csv
0358300445725000010;22;567;orders+article;Закупка № 0358300445725000010 Обоснование НМЦК лодка 2025.xls;C:\Users\Sergey\MAGA\Kimch\НМЦК_сборка\44-фз\Закупка № 0358300445725000010 Обоснование НМЦК лодка 2025.xls;22: максимальной) цены контракта : Согласно статье 22, п. 2  44-ФЗ является приоритетным для ;"567: ия Российской Федерации от 02.10.2013 № 567 . | инэкономразвития России от 02.10.2013 N 567 ""Об утверждении Методических рекомендац";found_any.csv
0358300445725000011;22;567;orders+article;Закупка № 0358300445725000011 Обоснование НМЦК лодка 2025.xls;C:\Users\Sergey\MAGA\Kimch\НМЦК_сборка\44-фз\Закупка № 0358300445725000011 Обоснование НМЦК лодка 2025.xls;22: максимальной) цены контракта : Согласно статье 22, п. 2  44-ФЗ является приоритетным для ;"567: ия Российской Федерации от 02.10.2013 № 567 . | инэкономразвития России от 02.10.2013 N 567 ""Об утверждении Методических рекомендац";found_any.csv
0380400000225000003;22;567;orders+article;Закупка № 0380400000225000003 Приложение№ 2 Обоснование ЦК .xlsx;C:\Users\Sergey\MAGA\Kimch\НМЦК_сборка\44-фз\Закупка № 0380400000225000003 Приложение№ 2 Обоснование ЦК .xlsx;22: В соответствии со статьей 22 Федерального закона от 05.04.2013 года ;567: ва экономического развития РФ (Приказ № 567 от 02.10.2013). Обоснование и расчет на;found_any.csv
0369100038425000060;22;567;orders+article;Закупка № 0369100038425000060 Обоснование НМЦК.xlsx;C:\Users\Sergey\MAGA\Kimch\НМЦК_сборка\44-фз\Закупка № 0369100038425000060 Обоснование НМЦК.xlsx;22: н (анализа рынка), в соответствии с ч.6 ст. 22 Федерального закона от 05.04.2013г. № 4;567: инэкономразвития России от 02.10.2013 N 567);found_any.csv
